Unnamed: 0,ajb9b3,ajdqnf,amsh7c,bay6g7,cjdk88,ctkbn4,dlokv6,dsdxd8,dtqb7d,elnfhc,habc8,hemmb2,hmnhx4,hnldm2,jac345,jahq76,jdf5g4,jfk535,jhgn9c,jkn7fc,jlgwxc,jlkm94,jmd5h8,jrrgxf,kab5zb,kah89f,kdcncc,kedgm9,krh5f5,lms8m4,lpnb79,mjpg95,mmg9n6,mtf7w2,mwwcn6,ngtp8b,nhm2p3,njd5zf,nm8c7,oro26b,pecxc9,pt7td,rrg3md,sanfz9,sbpc42,smdvw5,tah5z2,tcdzb7,tjdpzd,tlgdq9,vvmmvd,wahbf,wgocnc,zws2p8
ajb9b3,Yes (0.5),Yes (0.423754),Yes (0.99854),Yes (0.88315),No (0.00173),Yes (0.9834129999999999),Yes (0.671295),Yes (1.0),No (0.00016999999999999999),Yes (0.884749),No (0.00173),Yes (0.826551),Yes (1.0),Yes (0.999999),Yes (0.42148599999999997),No (0.00173),Yes (0.9414870000000001),Yes (0.999459),Yes (0.684375),Yes (0.9874569999999999),Yes (0.976936),Yes (0.9984959999999999),Yes (0.6924899999999999),Yes (0.9940829999999999),Yes (0.190397),Yes (0.9870469999999999),Yes (0.9994270000000001),Yes (0.9899049999999999),Yes (0.989217),Yes (0.8383809999999999),Yes (0.106027),Yes (0.9806159999999999),No (0.0035039999999999997),No (0.00173),Yes (0.999972),No (0.00173),Yes (0.749398),Yes (0.99729),Yes (0.883774),Yes (0.991067),Yes (0.997006),No (3e-06),Yes (0.9328420000000001),Yes (0.725476),Yes (0.356065),Yes (0.19150999999999999),Yes (0.999257),Yes (0.995674),Yes (0.9934069999999999),Yes (0.99997),Yes (0.870088),Yes (0.851101),Yes (0.757239),Yes (0.131071)
ajdqnf,No (0.0),Yes (0.5),No (0.0),No (0.0),No (0.0),No (0.0),No (0.0),No (0.0),Yes (0.575972),Yes (0.999999),No (0.0),No (0.0),No (0.0),No (0.0),No (0.0),No (0.0),No (0.0),No (0.0),No (0.0),No (0.0),No (0.0),No (0.0),No (0.0),No (0.0),No (0.0),No (0.0),No (0.0),No (0.0),No (0.0),No (0.0),No (0.0),No (0.0),No (0.0),No (0.0),Yes (1.0),No (0.0),No (0.0),No (0.0),Yes (0.660143),No (0.0),No (0.0),Yes (0.49353199999999997),No (0.0),No (0.0),No (0.0),No (0.0),No (0.0),No (0.0),No (0.0),No (0.0),Yes (0.520564),No (0.0),No (0.0),No (0.0)
amsh7c,Yes (0.946406),Yes (0.6559189999999999),Yes (0.5),Yes (0.982017),No (0.01317),Yes (0.984187),Yes (0.556049),Yes (0.995726),Yes (0.8950940000000001),Yes (0.49050900000000003),No (0.01317),Yes (0.435335),Yes (0.25161300000000003),No (0.045307),Yes (0.993505),No (0.01317),Yes (0.545664),Yes (0.524894),Yes (0.153912),Yes (0.840469),Yes (0.511706),Yes (0.69752),Yes (0.956123),Yes (0.9811270000000001),Yes (0.786824),Yes (0.345866),Yes (0.987266),Yes (0.48190900000000003),Yes (0.958241),Yes (0.893019),No (1.7e-05),Yes (0.704159),Yes (0.06224299999999999),No (0.01317),Yes (0.241576),No (0.01317),Yes (0.867138),Yes (0.06901900000000001),Yes (0.443563),Yes (0.39849),Yes (0.8548959999999999),Yes (0.631624),Yes (0.12422799999999999),Yes (0.983941),Yes (0.129583),Yes (0.30041799999999996),Yes (0.050727),Yes (0.738438),Yes (0.8392639999999999),Yes (0.9605969999999999),Yes (0.6126560000000001),Yes (0.717932),Yes (0.677937),Yes (0.421587)
bay6g7,Yes (0.9864370000000001),Yes (1.0),Yes (0.101086),Yes (0.5),No (3.2e-05),Yes (0.99997),Yes (0.633055),Yes (0.9878389999999999),Yes (1.0),Yes (1.0),No (3.2e-05),Yes (0.47734899999999997),Yes (0.963658),Yes (0.995199),Yes (0.9847469999999999),No (3.2e-05),Yes (0.12327),Yes (1.0),Yes (0.085316),Yes (0.430259),Yes (1.0),Yes (0.469026),Yes (0.304437),Yes (0.999859),Yes (0.9943540000000001),Yes (0.769228),Yes (0.250473),Yes (0.998599),Yes (0.42597399999999996),Yes (0.599819),No (0.003743),Yes (0.167291),No (0.0006889999999999999),No (3.2e-05),Yes (0.999999),No (3.2e-05),Yes (0.943318),Yes (0.982485),Yes (1.0),Yes (0.999999),Yes (0.931132),Yes (1.0),Yes (0.383627),Yes (1.0),No (0.005959000000000001),Yes (0.054996),Yes (0.639286),Yes (0.761667),Yes (0.343447),Yes (0.9951479999999999),Yes (1.0),Yes (0.056277999999999995),Yes (0.964074),No (0.014687)
cjdk88,Yes (1.0),Yes (1.0),Yes (0.99998),Yes (0.999994),Yes (0.5),Yes (1.0),Yes (0.9999290000000001),Yes (1.0),Yes (1.0),Yes (1.0),Yes (0.5),Yes (1.0),Yes (1.0),Yes (1.0),Yes (1.0),Yes (0.5),Yes (1.0),Yes (1.0),Yes (0.969367),Yes (0.5550649999999999),Yes (1.0),Yes (0.9999809999999999),Yes (1.0),Yes (1.0),Yes (1.0),Yes (1.0),Yes (0.9991459999999999),Yes (1.0),Yes (1.0),Yes (1.0),Yes (0.7955220000000001),Yes (0.998067),Yes (0.9935790000000001),Yes (0.5),Yes (1.0),Yes (0.5),Yes (1.0),Yes (1.0),Yes (1.0),Yes (1.0),Yes (0.9999969999999999),Yes (1.0),Yes (0.9999889999999999),Yes (1.0),Yes (0.184071),Yes (0.998088),Yes (0.9999979999999999),Yes (1.0),Yes (1.0),Yes (1.0),Yes (1.0),Yes (0.999999),Yes (1.0),Yes (0.409194)
ctkbn4,Yes (0.5),Yes (0.5),Yes (0.5),Yes (0.5),Yes (0.5),Yes (0.5),Yes (0.5),Yes (0.5),Yes (0.5),Yes (0.5),Yes (0.5),Yes (0.5),Yes (0.5),Yes (0.5),Yes (0.5),Yes (0.5),Yes (0.5),Yes (0.5),Yes (0.5),Yes (0.5),Yes (0.5),Yes (0.5),Yes (0.5),Yes (0.5),Yes (0.5),Yes (0.5),Yes (0.5),Yes (0.5),Yes (0.5),Yes (0.5),Yes (0.5),Yes (0.5),Yes (0.5),Yes (0.5),Yes (0.5),Yes (0.5),Yes (0.5),Yes (0.5),Yes (0.5),Yes (0.5),Yes (0.5),Yes (0.5),Yes (0.5),Yes (0.5),Yes (0.5),Yes (0.5),Yes (0.5),Yes (0.5),Yes (0.5),Yes (0.5),Yes (0.5),Yes (0.5),Yes (0.5),Yes (0.5)
dlokv6,Yes (1.0),Yes (0.9999979999999999),Yes (0.999986),Yes (0.999973),Yes (0.653101),Yes (1.0),Yes (0.5),Yes (1.0),Yes (0.998533),Yes (0.9999979999999999),Yes (0.653101),Yes (1.0),Yes (1.0),Yes (1.0),Yes (1.0),Yes (0.653101),Yes (0.999303),Yes (1.0),Yes (0.999433),Yes (0.859455),Yes (0.967828),Yes (0.9999979999999999),Yes (1.0),Yes (1.0),Yes (1.0),Yes (1.0),Yes (1.0),Yes (1.0),Yes (0.999999),Yes (0.8714120000000001),Yes (0.79413),Yes (0.99889),Yes (0.995864),Yes (0.653101),Yes (0.999276),Yes (0.653101),Yes (1.0),Yes (1.0),Yes (0.9999680000000001),Yes (1.0),Yes (1.0),Yes (0.9561120000000001),Yes (0.9999959999999999),Yes (1.0),Yes (0.9060159999999999),Yes (0.9817799999999999),Yes (1.0),Yes (1.0),Yes (0.9999969999999999),Yes (1.0),Yes (1.0),Yes (0.9998309999999999),Yes (1.0),Yes (0.867344)
dsdxd8,Yes (0.9972270000000001),Yes (0.12453499999999999),Yes (0.69892),Yes (0.569371),No (0.0),Yes (0.9940559999999999),Yes (0.630907),Yes (0.5),Yes (0.500598),Yes (0.588114),No (0.0),Yes (0.387389),Yes (0.992942),Yes (0.9999969999999999),Yes (0.9997530000000001),No (0.0),No (0.01326),Yes (0.9448780000000001),No (0.048297),Yes (0.23695300000000002),Yes (0.99913),Yes (0.965),No (0.003875),Yes (0.999233),Yes (0.999985),Yes (0.99826),Yes (0.48076899999999995),Yes (0.9986209999999999),Yes (0.13317),Yes (0.277393),No (0.000161),Yes (0.886792),No (0.0),No (0.0),Yes (0.869685),No (0.0),Yes (0.918269),Yes (1.0),Yes (0.45029399999999997),Yes (0.842627),Yes (0.9838030000000001),Yes (0.328638),Yes (0.9677110000000001),Yes (1.0),No (0.000356),No (0.000688),Yes (0.999584),Yes (0.981023),Yes (0.8965700000000001),Yes (0.9999870000000001),Yes (0.084182),Yes (0.464837),Yes (0.987383),No (6.9e-05)
dtqb7d,Yes (0.5),Yes (0.5),Yes (0.5),Yes (0.5),Yes (0.5),Yes (0.5),Yes (0.5),Yes (0.5),Yes (0.5),Yes (0.5),Yes (0.5),Yes (0.5),Yes (0.5),Yes (0.5),Yes (0.5),Yes (0.5),Yes (0.5),Yes (0.5),Yes (0.5),Yes (0.5),Yes (0.5),Yes (0.5),Yes (0.5),Yes (0.5),Yes (0.5),Yes (0.5),Yes (0.5),Yes (0.5),Yes (0.5),Yes (0.5),Yes (0.5),Yes (0.5),Yes (0.5),Yes (0.5),Yes (0.5),Yes (0.5),Yes (0.5),Yes (0.5),Yes (0.5),Yes (0.5),Yes (0.5),Yes (0.5),Yes (0.5),Yes (0.5),Yes (0.5),Yes (0.5),Yes (0.5),Yes (0.5),Yes (0.5),Yes (0.5),Yes (0.5),Yes (0.5),Yes (0.5),Yes (0.5)
elnfhc,Yes (0.5966090000000001),No (0.037086),Yes (0.22620900000000002),Yes (0.714906),No (1e-06),Yes (0.999834),Yes (0.6522439999999999),Yes (0.9159639999999999),Yes (0.6493),Yes (0.5),No (1e-06),Yes (0.5657989999999999),Yes (0.999943),Yes (0.999974),Yes (0.508336),No (1e-06),Yes (0.47045299999999995),Yes (0.9873350000000001),Yes (0.14513399999999999),Yes (0.969922),Yes (0.999408),Yes (0.9999030000000001),Yes (0.22244499999999998),Yes (0.8541129999999999),Yes (0.900854),Yes (0.9167139999999999),Yes (0.947801),Yes (1.0),Yes (0.474788),Yes (0.889278),No (0.00010400000000000001),Yes (0.979532),No (8e-06),No (1e-06),Yes (0.9830979999999999),No (1e-06),Yes (0.466246),Yes (1.0),Yes (0.24316500000000002),Yes (0.998755),Yes (0.9927360000000001),Yes (0.203202),Yes (0.976756),Yes (0.834784),No (0.000177),No (0.000315),Yes (0.999991),Yes (0.938825),Yes (0.483332),Yes (1.0),Yes (0.096663),No (0.009465000000000001),Yes (0.742839),No (8.2e-05)
habc8,Yes (0.5),Yes (0.5),Yes (0.5),Yes (0.5),Yes (0.5),Yes (0.5),Yes (0.5),Yes (0.5),Yes (0.5),Yes (0.5),Yes (0.5),Yes (0.5),Yes (0.5),Yes (0.5),Yes (0.5),Yes (0.5),Yes (0.5),Yes (0.5),Yes (0.5),Yes (0.5),Yes (0.5),Yes (0.5),Yes (0.5),Yes (0.5),Yes (0.5),Yes (0.5),Yes (0.5),Yes (0.5),Yes (0.5),Yes (0.5),Yes (0.5),Yes (0.5),Yes (0.5),Yes (0.5),Yes (0.5),Yes (0.5),Yes (0.5),Yes (0.5),Yes (0.5),Yes (0.5),Yes (0.5),Yes (0.5),Yes (0.5),Yes (0.5),Yes (0.5),Yes (0.5),Yes (0.5),Yes (0.5),Yes (0.5),Yes (0.5),Yes (0.5),Yes (0.5),Yes (0.5),Yes (0.5)
hemmb2,Yes (0.930176),Yes (0.9365620000000001),Yes (0.977086),Yes (0.989539),Yes (0.10232100000000001),Yes (0.993822),Yes (0.9969309999999999),Yes (0.997975),Yes (0.284335),Yes (0.860931),Yes (0.10232100000000001),Yes (0.5),Yes (0.9996079999999999),Yes (0.97849),Yes (0.9942030000000001),Yes (0.10232100000000001),Yes (0.9997209999999999),Yes (0.9769629999999999),Yes (0.994295),Yes (0.999556),Yes (0.994848),Yes (0.999626),Yes (0.9124180000000001),Yes (0.949401),Yes (0.323113),Yes (0.9735149999999999),Yes (0.9985879999999999),Yes (0.987266),Yes (0.997451),Yes (0.999951),Yes (0.056834),Yes (0.993742),No (0.036660000000000005),Yes (0.10232100000000001),Yes (0.958176),Yes (0.10232100000000001),Yes (0.6183609999999999),Yes (0.971498),Yes (0.316296),Yes (0.702678),Yes (0.9877379999999999),Yes (0.461779),Yes (0.976834),Yes (0.8277540000000001),Yes (0.792238),Yes (0.8779809999999999),Yes (0.9990829999999999),Yes (0.9952110000000001),Yes (0.998398),Yes (0.9999180000000001),Yes (0.8492540000000001),Yes (0.9425969999999999),Yes (0.090429),Yes (0.506219)
hmnhx4,Yes (1.0),Yes (0.38897600000000004),No (1.2e-05),Yes (0.097867),No (0.0),Yes (1.0),Yes (0.073937),Yes (1.0),Yes (0.6902659999999999),Yes (0.740811),No (0.0),No (0.00117),Yes (0.5),Yes (0.9999620000000001),Yes (0.999641),No (0.0),No (0.0019420000000000001),Yes (1.0),No (0.000792),No (0.0),Yes (0.999401),Yes (0.9550290000000001),Yes (0.074803),Yes (0.999999),Yes (1.0),No (0.0040100000000000005),Yes (0.9254979999999999),Yes (0.546437),Yes (0.119049),No (0.000758),No (0.0),Yes (0.258423),No (0.0),No (0.0),Yes (0.25953000000000004),No (0.0),Yes (1.0),Yes (0.993715),Yes (0.333663),Yes (0.41258100000000003),Yes (0.21986399999999998),Yes (0.05520599999999999),Yes (0.17356400000000002),Yes (0.999602),No (0.0),No (0.002856),Yes (0.710774),Yes (0.769552),Yes (0.5165609999999999),Yes (0.9924620000000001),Yes (0.178153),Yes (0.310341),Yes (1.0),No (0.0)
hnldm2,Yes (0.372463),Yes (0.985894),No (0.003462),No (1e-06),No (0.0),Yes (0.402832),No (1e-06),No (0.010209000000000001),Yes (1.0),Yes (1.0),No (0.0),No (0.003144),Yes (0.284725),Yes (0.5),No (3e-06),No (0.0),No (2e-06),Yes (0.9969299999999999),No (0.0),No (9.1e-05),Yes (1.0),No (0.00024900000000000004),No (1e-06),Yes (0.9478059999999999),Yes (0.332532),Yes (0.066913),No (1e-06),Yes (0.82981),No (4e-06),No (1.3000000000000001e-05),No (0.0),No (0.002391),No (0.0),No (0.0),Yes (0.41122700000000006),No (0.0),No (0.00014),Yes (0.6796260000000001),Yes (0.94796),Yes (0.598036),Yes (0.390866),Yes (0.998566),No (0.010883),Yes (0.21633200000000002),No (0.0),No (0.0),Yes (0.133476),No (0.000643),No (0.001615),Yes (0.8666209999999999),No (0.015307),No (7.000000000000001e-06),No (0.015021000000000001),No (0.0)
jac345,Yes (0.995093),Yes (0.333776),Yes (0.9981690000000001),Yes (0.864373),No (6.500000000000001e-05),Yes (0.885777),Yes (0.22002600000000003),Yes (1.0),No (0.000223),Yes (0.753152),No (6.500000000000001e-05),Yes (0.97165),Yes (0.999964),Yes (1.0),Yes (0.5),No (6.500000000000001e-05),Yes (0.9221450000000001),Yes (0.9999959999999999),Yes (0.421386),Yes (0.81662),Yes (0.899366),Yes (0.993397),Yes (0.707762),Yes (0.999031),Yes (0.970232),Yes (0.802643),Yes (0.90249),Yes (1.0),Yes (0.950752),Yes (0.8836729999999999),No (0.049055),Yes (0.9206709999999999),No (0.0131),No (6.500000000000001e-05),Yes (0.813004),No (6.500000000000001e-05),Yes (0.733201),Yes (0.9994540000000001),Yes (0.5295949999999999),Yes (0.938167),Yes (0.9953719999999999),No (0.0),Yes (0.6876800000000001),Yes (0.44309899999999997),No (0.024145),Yes (0.226661),Yes (0.975088),Yes (0.8497819999999999),Yes (0.989877),Yes (0.9992690000000001),Yes (0.363336),Yes (0.36039699999999997),Yes (0.994183),No (0.005831)
jahq76,Yes (0.5),Yes (0.5),Yes (0.5),Yes (0.5),Yes (0.5),Yes (0.5),Yes (0.5),Yes (0.5),Yes (0.5),Yes (0.5),Yes (0.5),Yes (0.5),Yes (0.5),Yes (0.5),Yes (0.5),Yes (0.5),Yes (0.5),Yes (0.5),Yes (0.5),Yes (0.5),Yes (0.5),Yes (0.5),Yes (0.5),Yes (0.5),Yes (0.5),Yes (0.5),Yes (0.5),Yes (0.5),Yes (0.5),Yes (0.5),Yes (0.5),Yes (0.5),Yes (0.5),Yes (0.5),Yes (0.5),Yes (0.5),Yes (0.5),Yes (0.5),Yes (0.5),Yes (0.5),Yes (0.5),Yes (0.5),Yes (0.5),Yes (0.5),Yes (0.5),Yes (0.5),Yes (0.5),Yes (0.5),Yes (0.5),Yes (0.5),Yes (0.5),Yes (0.5),Yes (0.5),Yes (0.5)
jdf5g4,Yes (0.9966370000000001),Yes (0.77686),Yes (0.9379200000000001),Yes (0.8402069999999999),No (0.013043),Yes (0.803581),Yes (0.9618530000000001),Yes (0.720372),Yes (0.686084),Yes (0.7724409999999999),No (0.013043),Yes (0.7397859999999999),Yes (0.191901),Yes (0.8582280000000001),Yes (0.8381639999999999),No (0.013043),Yes (0.5),Yes (0.340447),Yes (0.47055600000000003),Yes (0.513013),Yes (0.9340930000000001),Yes (0.766085),Yes (0.547171),Yes (0.9705809999999999),Yes (0.973783),Yes (0.34331),Yes (0.977757),Yes (0.464304),Yes (0.9559690000000001),Yes (0.907156),Yes (0.096316),Yes (0.964859),No (0.029506),No (0.013043),Yes (0.708338),No (0.013043),Yes (0.779559),Yes (0.995992),Yes (0.110918),Yes (0.3566),Yes (0.9966520000000001),Yes (0.31547800000000004),Yes (0.8051189999999999),Yes (0.7404470000000001),Yes (0.098361),Yes (0.5298619999999999),Yes (0.883758),Yes (0.9496399999999999),Yes (0.996132),Yes (0.240244),Yes (0.186446),Yes (0.8555290000000001),Yes (0.970992),Yes (0.8977639999999999)
jfk535,No (0.0),No (0.0),No (0.0),No (0.0),No (0.0),Yes (0.99765),No (0.0),Yes (1.0),Yes (0.999776),Yes (1.0),No (0.0),No (0.0),Yes (1.0),Yes (0.780497),No (0.0),No (0.0),No (0.0),Yes (0.5),No (0.0),No (0.0),No (0.0),No (0.0),No (0.0),Yes (1.0),No (0.0),No (0.0),No (0.0),Yes (0.879135),No (0.0),No (0.0),No (0.0),No (0.0),No (0.0),No (0.0),Yes (1.0),No (0.0),No (0.0),Yes (1.0),Yes (1.0),Yes (1.0),No (0.0),No (0.0),No (0.0),Yes (0.9999520000000001),No (0.0),No (0.0),No (0.0),No (0.0),No (0.0),Yes (1.0),Yes (1.0),No (0.0),No (0.0),No (0.0)
jhgn9c,Yes (0.9999979999999999),Yes (0.999016),Yes (0.9999979999999999),Yes (0.99997),Yes (0.812774),Yes (0.994334),Yes (0.998983),Yes (0.999916),Yes (0.997292),Yes (0.998692),Yes (0.812774),Yes (0.999983),Yes (0.999994),Yes (0.99998),Yes (0.999826),Yes (0.812774),Yes (0.999084),Yes (0.9837299999999999),Yes (0.5),Yes (0.9998319999999999),Yes (0.999909),Yes (0.9484549999999999),Yes (0.9997799999999999),Yes (1.0),Yes (0.998217),Yes (0.999667),Yes (0.999598),Yes (0.987915),Yes (1.0),Yes (0.999999),Yes (0.9385),Yes (0.998756),Yes (0.9751989999999999),Yes (0.812774),Yes (0.998417),Yes (0.812774),Yes (0.9971260000000001),Yes (0.92314),Yes (0.9846440000000001),Yes (0.998453),Yes (0.999986),Yes (0.99721),Yes (0.9976889999999999),Yes (1.0),Yes (0.9905959999999999),Yes (0.6673600000000001),Yes (0.988527),Yes (0.999993),Yes (1.0),Yes (0.999964),Yes (0.964883),Yes (0.999125),Yes (0.994835),Yes (0.985973)
jkn7fc,Yes (0.999999),Yes (0.9999709999999999),Yes (0.999891),Yes (0.9999950000000001),Yes (0.9635670000000001),Yes (0.999925),Yes (0.9983920000000001),Yes (0.999919),Yes (0.998684),Yes (0.999442),Yes (0.9635670000000001),Yes (0.999976),Yes (0.9927370000000001),Yes (1.0),Yes (1.0),Yes (0.9635670000000001),Yes (0.999907),Yes (0.999983),Yes (0.99982),Yes (0.5),Yes (0.9999959999999999),Yes (0.999991),Yes (0.999993),Yes (0.999999),Yes (0.9999899999999999),Yes (0.999893),Yes (0.999999),Yes (0.834514),Yes (0.999999),Yes (1.0),Yes (0.553395),Yes (0.9999819999999999),Yes (0.976867),Yes (0.9635670000000001),Yes (0.999948),Yes (0.9635670000000001),Yes (0.9999889999999999),Yes (0.9999979999999999),Yes (0.9783200000000001),Yes (0.999999),Yes (1.0),Yes (0.98849),Yes (0.9999959999999999),Yes (0.999916),Yes (0.9993629999999999),Yes (0.999616),Yes (0.999552),Yes (1.0),Yes (0.999999),Yes (0.998179),Yes (0.999008),Yes (1.0),Yes (0.9999979999999999),Yes (0.9996889999999999)
jlgwxc,No (0.0),Yes (0.917594),No (0.0),No (0.0),No (0.0),No (0.0),No (0.0),No (0.0),Yes (0.95925),Yes (0.445316),No (0.0),No (0.0),No (0.0),No (0.0),No (0.0),No (0.0),No (0.0),Yes (0.9934149999999999),No (0.0),No (0.0),Yes (0.5),No (0.0),No (0.0),No (0.0),No (0.0),No (0.0),No (0.0),No (0.0),No (0.0),No (0.0),No (0.0),No (0.0),No (0.0),No (0.0),Yes (0.494325),No (0.0),No (0.0),No (0.0),Yes (0.491216),Yes (1.0),No (0.0),No (0.0),No (0.0),Yes (1.0),No (0.0),No (0.0),No (0.0),No (0.0),No (0.0),No (0.0),Yes (0.998057),No (0.0),No (0.0),No (0.0)
jlkm94,No (0.007238),Yes (0.134917),Yes (0.104673),Yes (0.132937),No (0.0),Yes (0.9224530000000001),No (0.0),Yes (0.762409),No (0.001568),No (0.026691000000000003),No (0.0),No (1.8e-05),Yes (0.994317),Yes (0.9993139999999999),Yes (0.41322600000000004),No (0.0),No (0.009438),Yes (0.533451),No (0.0009140000000000001),Yes (0.14034000000000002),Yes (0.9996700000000001),Yes (0.5),No (0.00034700000000000003),Yes (0.8937639999999999),Yes (0.092137),Yes (0.9174540000000001),Yes (0.744067),Yes (0.8413950000000001),No (0.010731000000000001),No (0.0009609999999999999),No (0.0),No (0.025347),No (0.0),No (0.0),Yes (0.9731790000000001),No (0.0),Yes (0.328984),Yes (0.585962),No (0.03493),Yes (0.8832899999999999),Yes (0.924826),No (0.0),No (0.0046619999999999995),Yes (0.228032),No (3e-06),No (0.0),Yes (0.816497),Yes (0.823313),Yes (0.287883),Yes (0.667079),Yes (0.050026999999999995),No (0.000165),No (0.003247),No (0.0)
jmd5h8,Yes (0.9988549999999999),Yes (0.999999),Yes (0.810304),Yes (0.41187399999999996),No (0.00019099999999999998),Yes (0.976295),Yes (0.552573),Yes (1.0),Yes (0.11723499999999999),Yes (1.0),No (0.00019099999999999998),Yes (0.678348),Yes (1.0),Yes (1.0),Yes (0.927974),No (0.00019099999999999998),Yes (0.727617),Yes (1.0),Yes (0.435258),Yes (0.5604210000000001),Yes (1.0),Yes (0.9998600000000001),Yes (0.5),Yes (0.9914569999999999),Yes (0.9757790000000001),Yes (0.994864),Yes (0.744371),Yes (1.0),Yes (0.28370700000000004),Yes (0.164017),No (0.027387),Yes (0.871451),No (0.009709),No (0.00019099999999999998),Yes (1.0),No (0.00019099999999999998),Yes (0.976664),Yes (1.0),Yes (0.999985),Yes (1.0),Yes (0.9441729999999999),Yes (0.163226),Yes (0.9617760000000001),Yes (1.0),No (0.033285),Yes (0.07531900000000001),Yes (0.997659),Yes (0.9775739999999999),Yes (0.9336690000000001),Yes (1.0),Yes (0.999991),Yes (0.26286),Yes (0.999597),No (0.002918)
jrrgxf,No (0.044683),No (0.000677),No (0.0),No (0.0),No (0.0),Yes (0.191221),No (0.0),No (0.00018999999999999998),No (0.00037400000000000004),No (0.041366),No (0.0),No (0.0),No (1e-06),No (0.027042),No (0.011584),No (0.0),No (0.0),No (0.009169),No (0.0),No (0.0),Yes (0.212799),No (1e-06),No (0.0),Yes (0.5),No (0.00018700000000000002),No (1.8e-05),No (1e-06),No (0.010829),No (0.0),No (0.0),No (0.0),No (0.0),No (0.0),No (0.0),No (8e-06),No (0.0),No (0.0),No (1.3000000000000001e-05),No (0.0009310000000000001),No (7.6e-05),No (0.0),No (0.0),No (0.0),No (0.0),No (0.0),No (0.0),No (0.000304),No (3.4e-05),No (9.9e-05),No (0.000354),No (0.00015),No (0.0),No (0.0),No (0.0)
kab5zb,Yes (0.460054),No (0.00062),No (0.007089),No (0.001245),No (0.0),No (0.022747999999999997),No (0.004071),Yes (0.087988),No (0.0),Yes (0.057426),No (0.0),No (0.000147),Yes (0.158614),Yes (0.782511),No (0.016507),No (0.0),No (0.004866),Yes (0.798542),No (0.000139),No (5.3e-05),Yes (0.9770479999999999),Yes (0.138152),No (2e-06),Yes (0.168122),Yes (0.5),Yes (0.9074409999999999),Yes (0.25708000000000003),No (0.005729),No (0.0035380000000000003),No (0.001117),No (0.0),No (0.009729999999999999),No (0.0),No (0.0),Yes (0.624905),No (0.0),No (0.001387),Yes (0.9031049999999999),No (0.000225),Yes (0.058645),Yes (0.9810190000000001),No (0.0),Yes (0.109589),Yes (0.28525500000000004),No (2.5e-05),No (5e-06),Yes (0.991691),Yes (0.07092000000000001),Yes (0.402863),Yes (0.369471),No (6.2e-05),No (0.00064),Yes (0.218861),No (0.0)
kah89f,Yes (0.9999819999999999),Yes (0.9103389999999999),Yes (0.986575),Yes (0.911487),No (0.013702),Yes (0.888541),Yes (0.976191),Yes (0.974355),Yes (0.614324),Yes (0.953781),No (0.013702),Yes (0.985441),Yes (0.972611),Yes (0.9877670000000001),Yes (0.9996940000000001),No (0.013702),Yes (0.9919399999999999),Yes (0.9999879999999999),Yes (0.350966),Yes (0.9594290000000001),Yes (0.7149220000000001),Yes (0.9697450000000001),Yes (0.939515),Yes (0.997656),Yes (0.9988739999999999),Yes (0.5),Yes (0.919111),Yes (0.9996149999999999),Yes (0.815226),Yes (0.9909549999999999),Yes (0.19733),Yes (0.9789610000000001),No (0.03659),No (0.013702),Yes (0.445456),No (0.013702),Yes (0.93345),Yes (0.9992780000000001),Yes (0.938199),Yes (0.917381),Yes (0.999075),Yes (0.480542),Yes (0.973543),Yes (0.9984049999999999),No (0.017109),Yes (0.437634),Yes (0.999985),Yes (0.999473),Yes (1.0),Yes (0.762731),Yes (0.22169899999999998),Yes (0.9531629999999999),Yes (0.997584),Yes (0.5768810000000001)
kdcncc,Yes (0.520342),Yes (0.08330800000000001),Yes (0.353026),Yes (0.716462),No (0.003053),Yes (0.380127),Yes (0.13872400000000001),Yes (0.177015),Yes (0.370733),Yes (0.120779),No (0.003053),Yes (0.45641899999999996),No (0.034007),Yes (0.599577),Yes (0.923999),No (0.003053),No (0.040218000000000004),No (0.02093),No (0.012871),Yes (0.266352),Yes (0.180354),Yes (0.07096799999999999),Yes (0.24264899999999998),Yes (0.547663),Yes (0.619169),Yes (0.203226),Yes (0.5),No (0.046986),Yes (0.397187),Yes (0.221295),No (0.004438),Yes (0.279888),No (0.003865),No (0.003053),Yes (0.064635),No (0.003053),Yes (0.46203500000000003),Yes (0.219968),Yes (0.263792),No (0.048994),Yes (0.06408),Yes (0.246245),Yes (0.346104),Yes (0.8574930000000001),No (0.000857),No (0.027594),Yes (0.093703),Yes (0.530937),Yes (0.547823),Yes (0.219971),Yes (0.39511599999999997),Yes (0.353061),Yes (0.327538),No (0.020732)
kedgm9,Yes (0.958435),Yes (0.5247109999999999),No (0.0041329999999999995),No (0.049321),No (0.0),Yes (0.9967090000000001),No (2e-06),Yes (0.9525629999999999),Yes (0.59223),Yes (0.421709),No (0.0),No (2.2e-05),Yes (0.50667),Yes (1.0),Yes (0.9670489999999999),No (0.0),No (3.6e-05),Yes (1.0),No (1.6e-05),No (4e-06),Yes (1.0),Yes (0.26071700000000003),No (0.02451),Yes (1.0),Yes (0.572292),Yes (0.19456800000000002),Yes (0.213727),Yes (0.5),Yes (0.114855),No (0.04383),No (0.0),No (0.028198),No (0.0),No (0.0),Yes (1.0),No (0.0),Yes (0.141315),Yes (0.66522),Yes (0.760513),Yes (0.998441),Yes (0.969433),Yes (0.102475),No (0.046495999999999996),Yes (1.0),No (1e-06),No (0.0),Yes (0.39818400000000004),Yes (0.562361),Yes (0.084253),Yes (0.9979180000000001),Yes (0.255909),No (0.0021780000000000002),No (0.020856),No (0.0)
krh5f5,Yes (0.999944),Yes (0.099362),Yes (0.789007),Yes (0.883758),No (0.024562),Yes (0.9970469999999999),Yes (0.935351),Yes (0.990236),Yes (0.8316209999999999),Yes (0.820837),No (0.024562),Yes (0.8528),Yes (0.664127),Yes (0.953158),Yes (0.99946),No (0.024562),Yes (0.982792),Yes (0.991302),Yes (0.495982),Yes (0.714716),Yes (0.906058),Yes (0.991057),Yes (0.929752),Yes (0.9997209999999999),Yes (0.9895290000000001),Yes (0.868085),Yes (0.981741),Yes (0.97454),Yes (0.5),Yes (0.805571),No (0.001185),Yes (0.9949979999999999),Yes (0.463588),No (0.024562),Yes (0.368656),No (0.024562),Yes (0.979557),Yes (0.942334),Yes (0.49115299999999995),Yes (0.5465409999999999),Yes (0.930112),Yes (0.198778),Yes (0.9607559999999999),Yes (0.9819370000000001),Yes (0.394098),Yes (0.439061),Yes (0.990367),Yes (0.994647),Yes (0.976173),Yes (0.9897959999999999),Yes (0.19277),Yes (0.977407),Yes (0.9117280000000001),No (0.004253)
lms8m4,Yes (0.9999610000000001),Yes (0.977052),Yes (0.987964),Yes (0.999851),Yes (0.157028),Yes (0.999999),Yes (0.9817389999999999),Yes (1.0),Yes (0.9970549999999999),Yes (0.999597),Yes (0.157028),Yes (0.999859),Yes (1.0),Yes (0.9998030000000001),Yes (0.9935809999999999),Yes (0.157028),Yes (0.97608),Yes (1.0),Yes (0.993608),Yes (0.987607),Yes (0.99929),Yes (0.9999979999999999),Yes (0.9993629999999999),Yes (1.0),Yes (0.999976),Yes (0.999985),Yes (1.0),Yes (1.0),Yes (0.9985430000000001),Yes (0.5),Yes (0.663716),Yes (0.9995040000000001),Yes (0.836412),Yes (0.157028),Yes (0.9999979999999999),Yes (0.157028),Yes (0.999959),Yes (0.999994),Yes (0.981025),Yes (1.0),Yes (1.0),Yes (0.635379),Yes (0.9990120000000001),Yes (0.999999),Yes (0.855138),Yes (0.434827),Yes (1.0),Yes (0.999999),Yes (0.999999),Yes (0.999875),Yes (0.394388),Yes (0.9614729999999999),Yes (0.99995),Yes (0.5860529999999999)
lpnb79,Yes (0.799578),Yes (0.663818),Yes (0.920536),Yes (0.694905),Yes (0.43872),Yes (0.815583),Yes (0.948889),Yes (0.741323),Yes (0.798283),Yes (0.516976),Yes (0.43872),Yes (0.9580120000000001),Yes (0.7815840000000001),Yes (0.988556),Yes (0.933702),Yes (0.43872),Yes (0.757458),Yes (0.953735),Yes (0.982032),Yes (0.98824),Yes (0.9470139999999999),Yes (0.958134),Yes (0.906623),Yes (0.8776959999999999),Yes (0.996691),Yes (0.9938969999999999),Yes (0.818497),Yes (0.747833),Yes (0.722163),Yes (0.972892),Yes (0.5),Yes (0.943371),Yes (0.8383280000000001),Yes (0.43872),Yes (0.980353),Yes (0.43872),Yes (0.718513),Yes (0.999658),Yes (0.417401),Yes (0.909183),Yes (0.99254),Yes (0.860886),Yes (0.9999389999999999),Yes (0.910331),Yes (0.497277),Yes (0.95294),Yes (0.997675),Yes (0.796704),Yes (0.968622),Yes (0.8466440000000001),Yes (0.172528),Yes (0.8196110000000001),Yes (0.7874939999999999),Yes (0.9219959999999999)
mjpg95,Yes (0.962514),Yes (0.564484),Yes (0.9925959999999999),Yes (0.997425),Yes (0.125054),Yes (0.999927),Yes (0.958802),Yes (0.998944),Yes (0.343524),Yes (0.796261),Yes (0.125054),Yes (0.950391),Yes (0.99079),Yes (0.999923),Yes (0.9922350000000001),Yes (0.125054),Yes (0.957599),Yes (0.995132),Yes (0.851727),Yes (0.996074),Yes (0.99956),Yes (0.9939620000000001),Yes (0.966468),Yes (0.9967370000000001),Yes (0.9906739999999999),Yes (0.978719),Yes (0.9999129999999999),Yes (0.9943120000000001),Yes (0.9808129999999999),Yes (0.9726540000000001),No (0.004122),Yes (0.5),Yes (0.121959),Yes (0.125054),Yes (0.9995229999999999),Yes (0.125054),Yes (0.944192),Yes (0.958475),Yes (0.9297030000000001),Yes (0.9457770000000001),Yes (0.995339),Yes (0.060582000000000004),Yes (0.9850610000000001),Yes (0.9801860000000001),Yes (0.732843),Yes (0.951125),Yes (0.989591),Yes (0.993165),Yes (0.9965639999999999),Yes (0.999818),Yes (0.9150510000000001),Yes (0.9627180000000001),Yes (0.950126),Yes (0.445092)
mmg9n6,Yes (0.9993479999999999),Yes (0.9415899999999999),Yes (0.9985149999999999),Yes (0.995907),Yes (0.8746209999999999),Yes (0.9979870000000001),Yes (0.881763),Yes (0.8411379999999999),Yes (0.994627),Yes (0.9516709999999999),Yes (0.8746209999999999),Yes (0.9926149999999999),Yes (0.869411),Yes (0.999965),Yes (0.9783059999999999),Yes (0.8746209999999999),Yes (0.9421799999999999),Yes (0.808602),Yes (0.9627540000000001),Yes (0.993489),Yes (0.979613),Yes (0.74998),Yes (0.976641),Yes (0.999391),Yes (0.999209),Yes (0.9862700000000001),Yes (0.9999459999999999),Yes (0.457905),Yes (0.9924120000000001),Yes (0.968245),Yes (0.28824099999999997),Yes (0.969607),Yes (0.5),Yes (0.8746209999999999),Yes (0.985051),Yes (0.8746209999999999),Yes (0.9810200000000001),Yes (0.9811709999999999),Yes (0.993776),Yes (0.9910950000000001),Yes (0.999358),Yes (0.9784639999999999),Yes (0.999785),Yes (0.9999469999999999),Yes (0.9906159999999999),Yes (0.993506),Yes (0.93704),Yes (0.9990620000000001),Yes (0.995448),Yes (0.9558549999999999),Yes (0.95844),Yes (0.9962629999999999),Yes (0.96888),Yes (0.971203)
mtf7w2,Yes (0.5),Yes (0.5),Yes (0.5),Yes (0.5),Yes (0.5),Yes (0.5),Yes (0.5),Yes (0.5),Yes (0.5),Yes (0.5),Yes (0.5),Yes (0.5),Yes (0.5),Yes (0.5),Yes (0.5),Yes (0.5),Yes (0.5),Yes (0.5),Yes (0.5),Yes (0.5),Yes (0.5),Yes (0.5),Yes (0.5),Yes (0.5),Yes (0.5),Yes (0.5),Yes (0.5),Yes (0.5),Yes (0.5),Yes (0.5),Yes (0.5),Yes (0.5),Yes (0.5),Yes (0.5),Yes (0.5),Yes (0.5),Yes (0.5),Yes (0.5),Yes (0.5),Yes (0.5),Yes (0.5),Yes (0.5),Yes (0.5),Yes (0.5),Yes (0.5),Yes (0.5),Yes (0.5),Yes (0.5),Yes (0.5),Yes (0.5),Yes (0.5),Yes (0.5),Yes (0.5),Yes (0.5)
mwwcn6,Yes (0.9768709999999999),Yes (0.605967),No (7.000000000000001e-06),No (9.1e-05),No (0.0),Yes (0.9975440000000001),Yes (0.080057),Yes (0.340125),Yes (0.7521220000000001),Yes (0.999919),No (0.0),No (0.020605000000000002),Yes (0.344582),Yes (0.395471),Yes (0.37751799999999996),No (0.0),No (1.1e-05),Yes (0.805516),No (0.0),No (5.9e-05),Yes (0.9999969999999999),No (0.022736000000000003),No (0.000346),Yes (0.5503439999999999),Yes (0.8035770000000001),No (0.001684),No (0.0023899999999999998),Yes (1.0),No (0.000234),No (7e-05),No (0.0),No (0.017431),No (0.0),No (0.0),Yes (0.5),No (0.0),Yes (0.18114),Yes (0.780868),Yes (0.91691),Yes (0.335565),No (0.000651),No (0.016413999999999998),No (0.0020829999999999998),Yes (0.8925120000000001),No (0.0),No (0.0),Yes (0.17041099999999998),Yes (0.165722),Yes (0.24055900000000002),Yes (0.320484),Yes (0.39510100000000004),No (3e-06),Yes (0.363931),No (0.0)
ngtp8b,Yes (0.998668),Yes (1.0),Yes (0.975118),Yes (0.893547),Yes (0.5),Yes (0.999914),Yes (0.88051),Yes (0.999489),Yes (1.0),Yes (1.0),Yes (0.5),Yes (0.980289),Yes (0.998308),Yes (0.999965),Yes (0.8991899999999999),Yes (0.5),Yes (0.8278840000000001),Yes (0.999994),Yes (0.7349399999999999),Yes (0.9746469999999999),Yes (0.421946),Yes (0.9021370000000001),Yes (0.9792379999999999),Yes (0.999986),Yes (0.9981760000000001),Yes (0.346648),Yes (0.9918530000000001),Yes (0.9998959999999999),Yes (0.981966),Yes (0.776574),Yes (0.798787),Yes (0.6616810000000001),Yes (0.388511),Yes (0.5),Yes (1.0),Yes (0.5),Yes (0.9916),Yes (0.999664),Yes (1.0),Yes (0.999977),Yes (0.998944),Yes (1.0),Yes (0.17305),Yes (0.9999790000000001),Yes (0.198354),Yes (0.7102649999999999),Yes (0.9879680000000001),Yes (0.929423),Yes (0.9935219999999999),Yes (0.9501940000000001),Yes (1.0),Yes (0.17543599999999998),Yes (0.9978959999999999),Yes (0.9494440000000001)
nhm2p3,Yes (0.9989549999999999),Yes (0.993956),Yes (1.0),Yes (0.9999979999999999),Yes (0.883287),Yes (0.999999),Yes (0.998964),Yes (0.99992),Yes (0.855333),Yes (0.999724),Yes (0.883287),Yes (0.999922),Yes (1.0),Yes (1.0),Yes (0.99998),Yes (0.883287),Yes (0.999994),Yes (0.9999520000000001),Yes (0.991648),Yes (1.0),Yes (0.999993),Yes (0.999999),Yes (0.985507),Yes (0.999999),Yes (0.984332),Yes (1.0),Yes (1.0),Yes (0.999959),Yes (0.9999979999999999),Yes (0.999999),Yes (0.940516),Yes (0.9999979999999999),Yes (0.847548),Yes (0.883287),Yes (1.0),Yes (0.883287),Yes (0.5),Yes (1.0),Yes (0.9970709999999999),Yes (1.0),Yes (0.999999),Yes (0.998659),Yes (0.9999979999999999),Yes (0.998934),Yes (0.9747540000000001),Yes (0.865977),Yes (1.0),Yes (1.0),Yes (1.0),Yes (1.0),Yes (0.9755889999999999),Yes (0.999267),Yes (0.758826),Yes (0.9746020000000001)
njd5zf,Yes (1.0),No (0.0073030000000000005),No (0.0),No (0.000368),No (0.0),Yes (0.44284799999999996),No (5.1e-05),Yes (1.0),No (0.046038),No (0.049632),No (0.0),No (0.00047599999999999997),Yes (0.05507000000000001),Yes (0.974131),Yes (1.0),No (0.0),No (0.000391),No (0.0),No (0.0),No (0.0),Yes (0.45362600000000003),No (0.003793),No (0.0007019999999999999),Yes (0.933616),Yes (1.0),No (0.0),No (0.007084999999999999),Yes (0.46356400000000003),No (2.8999999999999997e-05),No (0.0),No (0.0),No (0.021695),No (0.0),No (0.0),No (0.008303),No (0.0),Yes (1.0),Yes (0.5),No (0.000924),Yes (0.225782),No (0.006470999999999999),No (7.8e-05),No (5e-05),Yes (1.0),No (0.0),No (0.0),No (4.2e-05),No (0.038686),No (0.001438),Yes (0.40052600000000005),No (0.004471),No (0.000344),Yes (1.0),No (0.0)
nm8c7,Yes (1.0),Yes (0.365264),Yes (0.072118),Yes (0.22587600000000002),No (0.0),Yes (0.985842),Yes (0.8706229999999999),Yes (0.999999),Yes (0.958628),Yes (0.996834),No (0.0),Yes (0.996936),Yes (0.889117),Yes (0.9998319999999999),Yes (1.0),No (0.0),Yes (0.531119),Yes (1.0),No (9.6e-05),No (0.00023700000000000001),Yes (0.998654),Yes (0.39558499999999996),Yes (0.826801),Yes (1.0),Yes (1.0),Yes (0.8351139999999999),No (0.037833),Yes (0.9999629999999999),Yes (0.46326300000000004),Yes (0.971216),No (0.001261),Yes (0.26608899999999996),No (0.006089),No (0.0),Yes (0.524891),No (0.0),Yes (1.0),Yes (0.9973860000000001),Yes (0.5),Yes (0.999547),Yes (0.938104),Yes (0.475287),Yes (0.513238),Yes (1.0),No (3e-06),No (0.034516000000000005),Yes (0.508406),Yes (0.9886940000000001),Yes (0.830491),Yes (0.9998239999999999),Yes (0.36689499999999997),Yes (0.14389000000000002),Yes (1.0),No (0.000182)
oro26b,No (0.016622),No (0.002218),No (0.003232),No (8e-06),No (0.0),No (0.043207),No (0.0),Yes (0.159669),No (0.0),No (0.010454000000000001),No (0.0),No (0.001301),Yes (0.518662),Yes (1.0),No (0.0009570000000000001),No (0.0),No (1e-06),Yes (1.0),No (0.0),No (0.000414),Yes (1.0),No (0.00010400000000000001),No (0.0),No (0.005176),No (0.032606),No (0.000171),No (0.000172),Yes (0.703835),No (4e-06),No (0.0),No (0.0),No (0.0),No (0.0),No (0.0),Yes (0.061822),No (0.0),No (0.016674),Yes (0.08137799999999999),No (0.03871),Yes (0.5),No (0.023193000000000002),No (0.0),No (0.00010700000000000001),No (0.002509),No (0.0),No (0.0),No (0.014428999999999999),No (0.002348),No (0.00105),Yes (0.358656),Yes (0.082432),No (0.0),Yes (0.070681),No (0.0)
pecxc9,Yes (0.307595),Yes (0.9560559999999999),Yes (0.11218399999999999),Yes (0.259685),No (0.0),Yes (0.9705809999999999),No (0.0),Yes (0.9803709999999999),No (9e-06),Yes (0.974634),No (0.0),No (0.017115000000000002),Yes (0.983143),Yes (1.0),Yes (0.773834),No (0.0),No (0.0014960000000000002),Yes (1.0),No (0.00035800000000000003),Yes (0.056822000000000004),Yes (0.999999),Yes (0.83321),Yes (0.061167),Yes (0.748821),Yes (0.41509300000000005),Yes (0.880601),Yes (0.977403),Yes (0.9947020000000001),No (0.026128),No (0.0),No (0.0),Yes (0.086391),No (7.000000000000001e-06),No (0.0),Yes (0.9999959999999999),No (0.0),Yes (0.762091),Yes (0.5365489999999999),Yes (0.983936),Yes (0.999999),Yes (0.5),No (0.0),Yes (0.37361),Yes (0.931351),No (1e-05),No (0.0),Yes (0.50613),Yes (0.880867),Yes (0.180492),Yes (1.0),Yes (0.976144),No (0.04372),Yes (0.687976),No (0.0)
pt7td,Yes (0.984144),Yes (1.0),Yes (0.996976),Yes (0.970512),Yes (0.40220300000000003),Yes (0.98262),Yes (0.723816),Yes (1.0),Yes (0.7272270000000001),Yes (1.0),Yes (0.40220300000000003),Yes (0.883299),Yes (1.0),Yes (1.0),Yes (0.932218),Yes (0.40220300000000003),Yes (0.9999870000000001),Yes (1.0),Yes (0.9961709999999999),Yes (0.999684),Yes (1.0),Yes (1.0),Yes (0.911373),Yes (0.073584),No (0.0021219999999999998),Yes (0.9999969999999999),Yes (0.9999879999999999),Yes (1.0),Yes (0.90184),No (0.048612),Yes (0.868806),Yes (0.7964720000000001),Yes (0.406715),Yes (0.40220300000000003),Yes (1.0),Yes (0.40220300000000003),Yes (0.79308),Yes (1.0),Yes (1.0),Yes (1.0),Yes (1.0),Yes (0.5),Yes (0.999966),Yes (0.997917),Yes (0.971475),Yes (0.998505),Yes (1.0),Yes (1.0),Yes (0.999762),Yes (1.0),Yes (1.0),Yes (0.9615959999999999),Yes (0.9991770000000001),Yes (0.332027)
rrg3md,Yes (0.9960469999999999),Yes (0.8740690000000001),Yes (0.9113680000000001),Yes (0.9909030000000001),Yes (0.093194),Yes (0.9999020000000001),Yes (0.9797969999999999),Yes (0.999236),Yes (0.9851620000000001),Yes (0.686893),Yes (0.093194),Yes (0.9874120000000001),Yes (0.9980700000000001),Yes (0.915494),Yes (0.999467),Yes (0.093194),Yes (0.9116360000000001),Yes (0.9979819999999999),Yes (0.726039),Yes (0.985759),Yes (0.47274499999999997),Yes (0.968558),Yes (0.997871),Yes (0.9999950000000001),Yes (0.836759),Yes (0.942321),Yes (0.999977),Yes (0.9993350000000001),Yes (0.9998959999999999),Yes (0.9622700000000001),No (0.040915),Yes (0.946326),Yes (0.19657),Yes (0.093194),Yes (0.9743569999999999),Yes (0.093194),Yes (0.986308),Yes (0.973833),Yes (0.7599560000000001),Yes (0.999353),Yes (0.9999950000000001),Yes (0.9028719999999999),Yes (0.5),Yes (0.9447620000000001),Yes (0.215571),Yes (0.5576409999999999),Yes (0.997872),Yes (0.9996010000000001),Yes (0.999136),Yes (0.9425129999999999),Yes (0.953715),Yes (0.966435),Yes (0.9969120000000001),Yes (0.9224399999999999)
sanfz9,Yes (0.5),Yes (0.5),Yes (0.5),Yes (0.5),Yes (0.5),Yes (0.5),Yes (0.5),Yes (0.5),Yes (0.5),Yes (0.5),Yes (0.5),Yes (0.5),Yes (0.5),Yes (0.5),Yes (0.5),Yes (0.5),Yes (0.5),Yes (0.5),Yes (0.5),Yes (0.5),Yes (0.5),Yes (0.5),Yes (0.5),Yes (0.5),Yes (0.5),Yes (0.5),Yes (0.5),Yes (0.5),Yes (0.5),Yes (0.5),Yes (0.5),Yes (0.5),Yes (0.5),Yes (0.5),Yes (0.5),Yes (0.5),Yes (0.5),Yes (0.5),Yes (0.5),Yes (0.5),Yes (0.5),Yes (0.5),Yes (0.5),Yes (0.5),Yes (0.5),Yes (0.5),Yes (0.5),Yes (0.5),Yes (0.5),Yes (0.5),Yes (0.5),Yes (0.5),Yes (0.5),Yes (0.5)
sbpc42,Yes (0.789032),Yes (0.95088),Yes (0.748003),Yes (0.644563),Yes (0.507756),Yes (0.32913200000000004),Yes (0.960957),Yes (0.679686),Yes (0.29842399999999997),Yes (0.586617),Yes (0.507756),Yes (0.9441129999999999),Yes (0.792212),Yes (0.7634770000000001),Yes (0.861567),Yes (0.507756),Yes (0.952699),Yes (0.389445),Yes (0.516269),Yes (0.762415),Yes (0.9876719999999999),Yes (0.862712),Yes (0.812203),Yes (0.685901),Yes (0.905875),Yes (0.980152),Yes (0.298186),Yes (0.5486840000000001),Yes (0.503296),Yes (0.8329200000000001),Yes (0.787621),Yes (0.974801),Yes (0.6423840000000001),Yes (0.507756),Yes (0.46007200000000004),Yes (0.507756),Yes (0.5855319999999999),Yes (0.965952),Yes (0.534196),Yes (0.5338189999999999),Yes (0.857461),Yes (0.082522),Yes (0.901964),Yes (0.944184),Yes (0.5),Yes (0.699592),Yes (0.8643489999999999),Yes (0.9345190000000001),Yes (0.8730559999999999),Yes (0.956881),Yes (0.375408),Yes (0.758015),Yes (0.44371099999999997),Yes (0.19658399999999998)
smdvw5,Yes (0.999969),Yes (0.394164),Yes (0.9891700000000001),Yes (0.9928540000000001),Yes (0.092779),Yes (0.999974),Yes (0.999014),Yes (0.999757),Yes (0.9965),Yes (0.9959049999999999),Yes (0.092779),Yes (0.999984),Yes (0.9992850000000001),Yes (0.999933),Yes (0.999776),Yes (0.092779),Yes (0.9949040000000001),Yes (0.99741),Yes (0.969842),Yes (0.676066),Yes (0.997293),Yes (0.9870559999999999),Yes (0.914524),Yes (1.0),Yes (1.0),Yes (1.0),Yes (0.729581),Yes (0.9023909999999999),Yes (0.999418),Yes (0.9998100000000001),Yes (0.769474),Yes (0.996031),Yes (0.660116),Yes (0.092779),Yes (0.537678),Yes (0.092779),Yes (0.9999950000000001),Yes (1.0),Yes (0.642243),Yes (0.290171),Yes (0.9998319999999999),Yes (0.941514),Yes (0.997283),Yes (0.9969379999999999),Yes (0.396221),Yes (0.5),Yes (1.0),Yes (0.993358),Yes (0.9999370000000001),Yes (0.9111100000000001),No (0.008764),Yes (0.998742),Yes (1.0),Yes (0.677996)
tah5z2,Yes (0.9999899999999999),Yes (0.891167),Yes (0.420833),Yes (0.914919),No (6.7e-05),Yes (0.997798),Yes (0.757947),Yes (1.0),Yes (0.9552780000000001),Yes (0.690524),No (6.7e-05),Yes (0.999851),Yes (0.9999540000000001),Yes (0.820858),Yes (1.0),No (6.7e-05),Yes (0.48201099999999997),Yes (1.0),No (2e-05),No (0.001182),Yes (0.765576),Yes (0.756055),Yes (0.999936),Yes (1.0),Yes (1.0),Yes (0.9325680000000001),Yes (0.8344360000000001),Yes (0.999841),Yes (0.894919),Yes (0.390947),No (8e-06),Yes (0.7897569999999999),Yes (0.257164),No (6.7e-05),No (0.014018000000000001),No (6.7e-05),Yes (1.0),Yes (0.912911),Yes (0.594386),Yes (0.998627),Yes (0.703383),Yes (0.5068199999999999),Yes (0.7469439999999999),Yes (1.0),No (0.004475),No (0.003677),Yes (0.5),Yes (0.99992),Yes (0.800999),Yes (0.9996520000000001),Yes (0.746247),Yes (0.87041),Yes (1.0),No (0.000732)
tcdzb7,Yes (0.999972),Yes (0.285209),No (0.026808),Yes (0.28571799999999997),No (0.0),Yes (0.712843),Yes (0.7558060000000001),Yes (0.9779620000000001),Yes (0.389797),Yes (0.46670500000000004),No (0.0),Yes (0.995659),Yes (0.875332),Yes (0.7009489999999999),Yes (0.9999610000000001),No (0.0),Yes (0.7621979999999999),Yes (0.976806),No (0.00028),No (0.012426999999999999),Yes (0.358281),Yes (0.095569),Yes (0.750989),Yes (0.999985),Yes (0.9987020000000001),Yes (0.373055),No (0.006869),Yes (0.86761),Yes (0.526742),Yes (0.965625),No (4.4e-05),Yes (0.12778699999999998),No (0.001584),No (0.0),No (0.033301),No (0.0),Yes (0.999152),Yes (0.954575),No (0.022974),Yes (0.785888),Yes (0.582676),Yes (0.05954500000000001),Yes (0.089825),Yes (0.9994190000000001),No (3.3e-05),No (0.042213),Yes (0.281704),Yes (0.5),Yes (0.613169),Yes (0.9985639999999999),Yes (0.224242),Yes (0.21597800000000003),Yes (0.999978),No (0.0035299999999999997)
tjdpzd,Yes (0.184396),No (0.0008849999999999999),Yes (0.624386),Yes (0.5493939999999999),No (3e-06),Yes (0.306369),Yes (0.10333599999999998),Yes (0.62332),No (0.017474),Yes (0.206409),No (3e-06),Yes (0.288267),Yes (0.9892049999999999),Yes (0.9393040000000001),Yes (0.42866000000000004),No (3e-06),Yes (0.66586),Yes (0.44534300000000004),No (0.048192),Yes (0.29689),Yes (0.10590999999999999),Yes (0.743875),Yes (0.445925),Yes (0.846074),Yes (0.207333),Yes (0.283604),No (0.039766),Yes (0.719935),Yes (0.33166),Yes (0.742284),No (6e-06),Yes (0.398949),No (0.00023799999999999998),No (3e-06),No (0.005659),No (3e-06),Yes (0.424967),Yes (0.669687),Yes (0.063625),Yes (0.175306),Yes (0.151558),No (0.047476),Yes (0.270606),Yes (0.175825),No (5.6999999999999996e-05),No (0.0256),Yes (0.720353),Yes (0.9109659999999999),Yes (0.5),Yes (0.87182),No (0.003954999999999999),Yes (0.152813),Yes (0.064951),No (0.000332)
tlgdq9,Yes (0.5),Yes (0.5),Yes (0.5),Yes (0.5),Yes (0.5),Yes (0.5),Yes (0.5),Yes (0.5),Yes (0.5),Yes (0.5),Yes (0.5),Yes (0.5),Yes (0.5),Yes (0.5),Yes (0.5),Yes (0.5),Yes (0.5),Yes (0.5),Yes (0.5),Yes (0.5),Yes (0.5),Yes (0.5),Yes (0.5),Yes (0.5),Yes (0.5),Yes (0.5),Yes (0.5),Yes (0.5),Yes (0.5),Yes (0.5),Yes (0.5),Yes (0.5),Yes (0.5),Yes (0.5),Yes (0.5),Yes (0.5),Yes (0.5),Yes (0.5),Yes (0.5),Yes (0.5),Yes (0.5),Yes (0.5),Yes (0.5),Yes (0.5),Yes (0.5),Yes (0.5),Yes (0.5),Yes (0.5),Yes (0.5),Yes (0.5),Yes (0.5),Yes (0.5),Yes (0.5),Yes (0.5)
vvmmvd,Yes (0.5),Yes (0.5),Yes (0.5),Yes (0.5),Yes (0.5),Yes (0.5),Yes (0.5),Yes (0.5),Yes (0.5),Yes (0.5),Yes (0.5),Yes (0.5),Yes (0.5),Yes (0.5),Yes (0.5),Yes (0.5),Yes (0.5),Yes (0.5),Yes (0.5),Yes (0.5),Yes (0.5),Yes (0.5),Yes (0.5),Yes (0.5),Yes (0.5),Yes (0.5),Yes (0.5),Yes (0.5),Yes (0.5),Yes (0.5),Yes (0.5),Yes (0.5),Yes (0.5),Yes (0.5),Yes (0.5),Yes (0.5),Yes (0.5),Yes (0.5),Yes (0.5),Yes (0.5),Yes (0.5),Yes (0.5),Yes (0.5),Yes (0.5),Yes (0.5),Yes (0.5),Yes (0.5),Yes (0.5),Yes (0.5),Yes (0.5),Yes (0.5),Yes (0.5),Yes (0.5),Yes (0.5)
wahbf,Yes (0.364007),Yes (0.244302),Yes (0.8464139999999999),Yes (0.596097),No (0.012971000000000002),Yes (0.360987),Yes (0.449667),Yes (0.812322),Yes (0.377212),Yes (0.185828),No (0.012971000000000002),Yes (0.863193),Yes (0.617284),Yes (0.9236790000000001),Yes (0.671255),No (0.012971000000000002),Yes (0.631178),No (0.021378),Yes (0.17219600000000002),Yes (0.445176),No (0.005482),Yes (0.190366),Yes (0.922588),Yes (0.9727399999999999),Yes (0.311521),Yes (0.416829),Yes (0.11009400000000001),Yes (0.729684),Yes (0.9416370000000001),Yes (0.722824),Yes (0.193741),Yes (0.346673),No (0.012579),No (0.012971000000000002),Yes (0.26712199999999997),No (0.012971000000000002),Yes (0.386833),Yes (0.557133),Yes (0.19000999999999998),Yes (0.265911),Yes (0.571642),Yes (0.30528),Yes (0.59944),Yes (0.628562),Yes (0.075389),Yes (0.134693),Yes (0.329914),Yes (0.579136),Yes (0.6968489999999999),Yes (0.339165),Yes (0.536063),Yes (0.5),Yes (0.443533),Yes (0.870978)
wgocnc,Yes (1.0),Yes (0.999999),Yes (1.0),Yes (1.0),Yes (0.9964729999999999),Yes (1.0),Yes (0.9994930000000001),Yes (1.0),Yes (0.9999459999999999),Yes (1.0),Yes (0.9964729999999999),Yes (0.999849),Yes (1.0),Yes (1.0),Yes (0.9999979999999999),Yes (0.9964729999999999),Yes (1.0),Yes (1.0),Yes (0.9999979999999999),Yes (1.0),Yes (1.0),Yes (1.0),Yes (0.9999969999999999),Yes (1.0),Yes (0.948391),Yes (1.0),Yes (1.0),Yes (1.0),Yes (1.0),Yes (1.0),Yes (0.9991049999999999),Yes (1.0),Yes (0.9995069999999999),Yes (0.9964729999999999),Yes (1.0),Yes (0.9964729999999999),Yes (1.0),Yes (1.0),Yes (0.999999),Yes (1.0),Yes (1.0),Yes (0.999223),Yes (1.0),Yes (1.0),Yes (0.999999),Yes (0.999941),Yes (1.0),Yes (1.0),Yes (1.0),Yes (1.0),Yes (1.0),Yes (0.9999979999999999),Yes (0.5),Yes (0.997431)
zws2p8,Yes (1.0),Yes (0.9999879999999999),Yes (1.0),Yes (1.0),Yes (0.9999959999999999),Yes (1.0),Yes (0.9255760000000001),Yes (1.0),Yes (1.0),Yes (1.0),Yes (0.9999959999999999),Yes (1.0),Yes (1.0),Yes (1.0),Yes (0.9999979999999999),Yes (0.9999959999999999),Yes (1.0),Yes (1.0),Yes (1.0),Yes (0.9999680000000001),Yes (0.9999120000000001),Yes (1.0),Yes (1.0),Yes (1.0),Yes (1.0),Yes (1.0),Yes (1.0),Yes (0.999993),Yes (1.0),Yes (0.9995219999999999),Yes (0.9999969999999999),Yes (0.999999),Yes (1.0),Yes (0.9999959999999999),Yes (0.9999879999999999),Yes (0.9999959999999999),Yes (0.9999950000000001),Yes (1.0),Yes (0.9999979999999999),Yes (0.9997959999999999),Yes (0.999741),Yes (1.0),Yes (1.0),Yes (1.0),Yes (0.9999969999999999),Yes (0.9999950000000001),Yes (1.0),Yes (1.0),Yes (0.9999899999999999),Yes (1.0),Yes (0.999942),Yes (1.0),Yes (0.999999),Yes (0.5)
