,ajb9b3,ajdqnf,amsh7c,bay6g7,cjdk88,ctkbn4,dlokv6,dsdxd8,dtqb7d,elnfhc,habc8,hemmb2,hmnhx4,hnldm2,jac345,jahq76,jdf5g4,jfk535,jhgn9c,jkn7fc,jlgwxc,jlkm94,jmd5h8,jrrgxf,kab5zb,kah89f,kdcncc,kedgm9,krh5f5,lms8m4,lpnb79,mjpg95,mmg9n6,mtf7w2,mwwcn6,ngtp8b,nhm2p3,njd5zf,nm8c7,oro26b,pecxc9,pt7td,rrg3md,sanfz9,sbpc42,smdvw5,tah5z2,tcdzb7,tjdpzd,tlgdq9,vvmmvd,wahbf,wgocnc,zws2p8
ajb9b3,0.99999,-0.3778094736619518,-0.4079968603350804,-0.28381968017277664,0.0001,-0.5441385620052035,-0.18573084410401855,-0.5123015898916322,-0.10980922465594704,-0.33003711688379894,0.0001,-0.30018779030161846,-0.6373410944808735,-0.7283744968637395,-0.31952596806364747,0.0001,-0.24990831048401033,-0.4046743689681777,-0.13673627784979706,-0.4541356848227232,-0.6257908705907587,-0.5813030203707424,-0.26972789393237645,-0.4500403831920649,-0.2744634877042542,-0.5171271882750086,-0.4889714039618038,-0.6361628398965846,-0.3063545446930026,-0.26434446985720783,0.005909657958788849,-0.4693379259738252,0.029089266063729885,0.0001,-0.6021431840893904,0.0001,-0.4042501176982515,-0.5524369325061954,-0.4251355981864234,-0.53075595109231,-0.40731988277103043,0.0473904569462306,-0.4273060795456359,-0.4239146481132182,-0.13733307076770035,-0.07300728188566706,-0.47002677206837756,-0.538636877663628,-0.3986826092815075,-0.6529964915254534,-0.37357253108193833,-0.1720796023490352,-0.304009523590559,-0.06267502774362875
ajdqnf,-0.3778094736619518,0.9999999999999999,-0.1506217450889593,-0.08885451701566591,0.0001,-0.4736449685173393,-0.19431596752131147,-0.45796112872760886,-0.8464711422382591,-0.8037919161618449,0.0001,-0.2954380781072965,-0.37692483714088454,-0.5010713839027785,-0.2389608006883767,0.0001,-0.09651384702984797,-0.5478124454445529,-0.10645039718220471,-0.23614454424528555,-0.543178411263356,-0.28657334139631707,-0.1720829206086079,-0.5488532964549446,-0.40763160196733816,-0.18270287670418667,-0.16498715468770822,-0.508742126578746,-0.08673881667762401,-0.17745351173470708,-0.041268516601001254,-0.20406867188681863,-0.07057494083381495,0.0001,-0.6752003939833867,0.0001,-0.3307272697380194,-0.4894861748501063,-0.8297264635016541,-0.5300440281875372,-0.3651100595267782,-0.8119622530770386,-0.307203327298335,-0.4917275768899088,0.057492499402232444,-0.1235300844418459,-0.22622577947979067,-0.13445801941952082,-0.15035152687409675,-0.4915005905070686,-0.48906620809368245,-0.194238296170243,-0.37044735469809925,-0.036970690185858676
amsh7c,-0.40799686033508037,-0.1506217450889593,0.99999,-0.18327222077714714,0.0001,-0.385216493854154,-0.3392311164301528,-0.2456323649008137,-0.2855304031848888,-0.14817618113491968,0.0001,-0.22150836328687679,-0.07206371358138702,-0.1265527810928571,-0.5631912349519786,0.0001,-0.14398778067139983,-0.31967957562562177,-0.22782311753018475,-0.017033224314368666,-0.33408448408989694,-0.3350982933259815,-0.3119730238213088,-0.37515057574804944,-0.4533064365964986,-0.3466510116988547,-0.32506921950938217,-0.32606734688051897,-0.23942212194610968,-0.21256764621582927,0.05883796063953753,-0.31901485637861987,0.004657326709222606,0.0001,-0.30595683089656284,0.0001,-0.36310620177503805,-0.24042867541911755,-0.13468933825507554,-0.19916585299339934,-0.4069449244789475,-0.20616613478790874,-0.3430926357220015,-0.31070816001000456,0.003409467731493586,-0.2929279775406832,-0.2863770864098816,-0.2892666759154437,-0.3366148001336964,-0.11435803076353679,-0.22528867944830366,-0.22979999144492055,-0.44068823779069044,-0.1506506871113064
bay6g7,-0.28381968017277664,-0.08885451701566591,-0.18327222077714714,0.99999,0.0001,-0.2616731069284092,-0.33979063520794806,-0.3356641882442099,-0.09845985189798569,-0.24403505982263096,0.0001,-0.3042811126096125,-0.30332328903740446,-0.275570824395806,-0.2484689560363972,0.0001,-0.23211910439067396,-0.3388667464225764,-0.21773053927161956,-0.17755741159609437,-0.14625524926504707,-0.3540883334033111,-0.27513799658635363,-0.267466137292544,-0.3398781187102746,-0.42172722989274125,-0.18052199996976184,-0.3092842765249401,-0.23407312527635604,-0.23204872049830144,-0.078378188194126,-0.30511211510569947,-0.07257329835531182,0.0001,-0.2203756102357854,0.0001,-0.27534524180763953,-0.40002929467310744,-0.0957911347595729,-0.19622092005330563,-0.21678701776904732,0.009415658558922428,-0.3776534119884455,-0.203240253001048,-0.039283119402531194,-0.18987093355710363,-0.3945613980325715,-0.3449448251338849,-0.31736965962278735,-0.2358655028690283,-0.14552668452618198,-0.15653407777241624,-0.3158163596022367,-0.09806814189297536
cjdk88,0.0001,0.0001,0.0001,0.0001,0.0001,0.0001,0.0001,0.0001,0.0001,0.0001,0.0001,0.0001,0.0001,0.0001,0.0001,0.0001,0.0001,0.0001,0.0001,0.0001,0.0001,0.0001,0.0001,0.0001,0.0001,0.0001,0.0001,0.0001,0.0001,0.0001,0.0001,0.0001,0.0001,0.0001,0.0001,0.0001,0.0001,0.0001,0.0001,0.0001,0.0001,0.0001,0.0001,0.0001,0.0001,0.0001,0.0001,0.0001,0.0001,0.0001,0.0001,0.0001,0.0001,0.0001
ctkbn4,-0.5441385620052036,-0.4736449685173393,-0.385216493854154,-0.2616731069284092,0.0001,0.9999999999999999,-0.23418510404114118,-0.6254851989099577,0.3014668547641932,-0.5406772877842908,0.0001,-0.2373654949162135,-0.7295199409162498,-0.7233746875014706,-0.3928140013226916,0.0001,-0.2680182722091134,-0.7005282921835201,-0.06541517965816314,-0.25346319819428015,-0.6300427951001218,-0.4257410870263149,-0.25097015036506787,-0.4268421252281811,-0.46944538509248107,-0.5786014585198672,-0.30987069349717894,-0.4889913361084661,-0.2656458284745049,-0.303028137717863,-0.13580336120532324,-0.31812009587755946,-0.09850971134256062,0.0001,-0.6254917313725554,0.0001,-0.39910331571375346,-0.7100432960405187,-0.40889602091092686,-0.7419701095434169,-0.5836892328283071,0.32469430837754204,-0.4297769013409728,-0.536402891338314,0.011061314992930572,-0.13904260421780104,-0.5300142498353179,-0.513301232443996,-0.4946754249586534,-0.7229477856343461,-0.25271809301008946,-0.15248472253556222,-0.442293163209119,-0.0514169312136127
dlokv6,-0.18573084410401855,-0.19431596752131144,-0.3392311164301528,-0.3397906352079481,0.0001,-0.23418510404114118,0.99999,-0.3891206830865345,-0.0035529694045577363,-0.18557476406041942,0.0001,-0.1655839923071274,-0.31140887887287305,-0.5508279252744671,-0.16542820926431248,0.0001,-0.1623077197468087,-0.33148898730268456,-0.010691034730859987,-0.14939860232554003,-0.16996078166570433,-0.17649918438788414,-0.26369745076227635,-0.39506819417900885,-0.049515108435631026,-0.32644828264749554,-0.4697755130675027,-0.16471113398182813,-0.32242319328514124,-0.010313880747496952,0.1271713624696855,-0.17879754383293425,-0.07946204662647953,0.0001,-0.19990036785378165,0.0001,-0.12472983025115891,-0.25020666195732216,-0.18579624104663264,-0.25592538398452674,-0.3583993325540159,0.053964781130692835,-0.26658717669044885,-0.24119567147466664,-0.11511314829616498,0.045182367196405386,-0.13178599694575363,-0.36399190186364755,-0.20311996837312848,-0.41780560469417777,-0.019521097516507525,-0.20726478092052092,-0.05625022949622628,0.09486689120641323
dsdxd8,-0.5123015898916322,-0.45796112872760886,-0.24563236490081367,-0.3356641882442099,0.0001,-0.6254851989099577,-0.3891206830865345,0.99999,-0.41496149894501344,-0.4635714122839816,0.0001,-0.2500415197950386,-0.27072255081907526,-0.6584555346079268,-0.5588827097328509,0.0001,-0.1947496524314591,-0.4456456519583617,-0.13194819545174744,-0.4507142042199085,-0.6820408092329614,-0.3194431696039204,0.10720384493716202,-0.5057517444158286,-0.644042345915177,-0.6417812271621556,-0.4634887760978676,-0.5243865920846322,-0.2650928429775792,-0.26116509900317947,0.05746378593105938,-0.3286649238525917,0.10286924419315392,0.0001,-0.6394845377332562,0.0001,-0.3340218159689095,-0.37860128950306154,-0.3708351588592181,-0.5393055508709861,-0.5871518517549936,-0.33677244923370897,-0.415792771918438,-0.5021734174906098,0.003788817396118089,-0.09605700979449436,-0.6290495255572309,-0.4808177985919947,-0.4885552647345438,-0.5794052790946036,-0.2254703388227463,-0.11110818055189903,-0.49207381108991816,-0.02963340387973854
dtqb7d,-0.10980922465594704,-0.8464711422382591,-0.2855304031848888,-0.09845985189798567,0.0001,0.3014668547641932,-0.0035529694045577363,-0.41496149894501344,0.99999,-0.8408928500946563,0.0001,-0.012734952836045277,-0.49168922212276395,-0.6124193672511229,0.03738830880629275,0.0001,-0.2589374520253051,-0.6559107971099918,-0.146290651008297,-0.25804364342241554,-0.7368424302357492,-0.3916452720532138,-0.08262830465858016,0.2233188098318316,0.1681777244298743,-0.352546401923099,-0.2693254249179933,-0.2782333964177408,-0.04096211585518268,0.040733726009749414,-0.0808838159480216,-0.03477446217591785,-0.021053938798860097,0.0001,-0.7414813313802132,0.0001,-0.008960674130477193,-0.43288967257344296,-0.8538854059369354,-0.6177496487428886,-0.37270491681088713,0.34066188023835536,-0.3157093892581145,0.013647388761793899,-0.09360847114412332,-0.1804749205184443,-0.42895046320195784,-0.3519221666719938,-0.19869357490866174,-0.5851811955507871,-0.8556031877272049,-0.02078400764418901,-0.14105237270673815,0.07074113605468174
elnfhc,-0.33003711688379894,-0.8037919161618449,-0.14817618113491968,-0.24403505982263096,0.0001,-0.5406772877842909,-0.18557476406041942,-0.4635714122839816,-0.8408928500946564,0.99999,0.0001,-0.2897941296562668,-0.4206456446696622,-0.5575723460629699,-0.47270076898929425,0.0001,-0.0524690908055477,-0.6953577239115668,-0.15969388502453002,-0.24038200654867808,-0.8106645457505975,-0.22101638470373178,-0.2277567259706986,-0.44326845314135177,-0.42294296393506864,-0.2735282056155528,-0.2806812746421243,-0.5482333858494868,-0.2510370188247423,-0.2344758307281107,-0.0318005671112102,-0.24400974059614694,-0.03986648084614988,0.0001,-0.781289177440431,0.0001,-0.21106867958555872,-0.43927617682830516,-0.7930363503105473,-0.5752236207193411,-0.4585490341691741,-0.6805102896161169,-0.2599915963869975,-0.6687244882013811,-0.016182844613600034,-0.08836247103219198,-0.27672135409357546,-0.22483642488459582,-0.15213683580238438,-0.4902538159066388,-0.6679886166274902,-0.039836727864880205,-0.4457271036264188,-0.04561265012886191
habc8,0.0001,0.0001,0.0001,0.0001,0.0001,0.0001,0.0001,0.0001,0.0001,0.0001,0.0001,0.0001,0.0001,0.0001,0.0001,0.0001,0.0001,0.0001,0.0001,0.0001,0.0001,0.0001,0.0001,0.0001,0.0001,0.0001,0.0001,0.0001,0.0001,0.0001,0.0001,0.0001,0.0001,0.0001,0.0001,0.0001,0.0001,0.0001,0.0001,0.0001,0.0001,0.0001,0.0001,0.0001,0.0001,0.0001,0.0001,0.0001,0.0001,0.0001,0.0001,0.0001,0.0001,0.0001
hemmb2,-0.30018779030161846,-0.29543807810729655,-0.22150836328687679,-0.30428111260961244,0.0001,-0.2373654949162135,-0.1655839923071274,-0.2500415197950386,-0.012734952836045277,-0.2897941296562668,0.0001,0.99999,-0.26383444729225003,-0.2853144681801973,-0.31829593175997645,0.0001,-0.2715375951611881,-0.232911348504483,-0.2756127865133089,-0.23313368385375138,-0.4295286132913749,-0.3999550390457538,-0.14078198138815126,-0.23871598250753792,-0.08087254791537175,-0.4087931618209097,-0.5209952713996591,-0.16328223142337855,-0.1501436634646358,-0.2741645759114539,0.12479492179105173,-0.27871389545943953,0.11998316233882748,0.0001,-0.4222454689253416,0.0001,-0.24018388753477438,-0.32751428184210163,-0.19365097205109494,-0.33123416672725253,-0.46983022815896575,-0.009160684366837903,-0.22184368480979824,-0.18730516599197056,-0.15727265688182032,-0.1658367263379868,-0.31687552903493077,-0.30034952313415575,-0.34924228068598767,-0.4004075210615967,-0.26964513738664664,-0.22851846299247577,-0.07190636938422351,-0.08136703834640789
hmnhx4,-0.6373410944808735,-0.37692483714088454,-0.07206371358138702,-0.30332328903740446,0.0001,-0.7295199409162498,-0.31140887887287305,-0.27072255081907526,-0.4916892221227639,-0.4206456446696622,0.0001,-0.26383444729225003,0.99999,-0.50563339955297,-0.6903808363564684,0.0001,-0.15374022950934405,-0.4403134676035254,-0.08156633084220363,-0.17818559066441741,-0.6841525557929858,-0.2709565340840697,-0.10713315705771556,-0.7307769231394564,-0.61036075136445,-0.4176149912969465,-0.5275964384101888,-0.4125616992766607,-0.23412705084884208,-0.3101029483687458,0.12513001055471976,-0.3067784118121876,0.038700276336122996,0.0001,-0.6872208228391616,0.0001,-0.4321386636438968,-0.35016281173756025,-0.4061446897166094,-0.4608894366145248,-0.7113706460938221,-0.3118746487565172,-0.40749283891166593,-0.6848351448366775,-0.08632312354427651,-0.15133311917031783,-0.3341946234073234,-0.3932677038079503,-0.47716853719867547,-0.518948638495091,-0.3935783501163986,-0.22606474091376624,-0.5303030092359071,-0.1237324168221928
hnldm2,-0.7283744968637395,-0.5010713839027785,-0.1265527810928571,-0.275570824395806,0.0001,-0.7233746875014706,-0.5508279252744671,-0.6584555346079268,-0.612419367251123,-0.5575723460629699,0.0001,-0.2853144681801973,-0.50563339955297,0.99999,-0.7590595396963817,0.0001,-0.22924007957711862,-0.8352766688548043,-0.12462035209181699,-0.3204829526977792,-0.737388870869705,-0.3929999758362988,-0.299839331838797,-0.7364001530291641,-0.6721209044083089,-0.5211140971775806,-0.5068602040768366,-0.7611950420568132,-0.21609460708987566,-0.23981210249842905,-0.019281219223359132,-0.37323715797999185,-0.07531785998781576,0.0001,-0.7698189392543071,0.0001,-0.7248332860635895,-0.403330465621756,-0.4899195156014786,-0.8055473648125878,-0.7740590568539508,-0.40516440268024373,-0.30688289516061795,-0.8099183758584348,-0.03947684738373951,-0.11854553089163564,-0.571179794895716,-0.40071618736205045,-0.5836001889434198,-0.43193765845381954,-0.4843137885337637,-0.13596034218752456,-0.719998755957764,-0.07842471100720773
jac345,-0.31952596806364747,-0.2389608006883767,-0.5631912349519786,-0.2484689560363972,0.0001,-0.3928140013226916,-0.16542820926431248,-0.5588827097328509,0.03738830880629275,-0.47270076898929425,0.0001,-0.31829593175997645,-0.6903808363564685,-0.7590595396963817,0.99999,0.0001,-0.32639568516780704,-0.4700143428867117,-0.24023635912875266,-0.4804753460018197,-0.37570785882546975,-0.5408520045187395,-0.16240027092859077,-0.3066650511362957,-0.2159792906024433,-0.5379446877304367,-0.545407922816729,-0.5477855295361884,-0.37745383824848905,-0.281280689163567,-0.05769344102215094,-0.44339172729545007,0.04887368920026726,0.0001,-0.575377909425937,0.0001,-0.32360450161013893,-0.7090568759612517,-0.3404885160279441,-0.5222111595596616,-0.5192572749751961,0.20920466869194063,-0.3940440435930917,-0.17664794367967904,-0.06460483010394176,-0.0716090879384865,-0.6213610576314302,-0.34359718077763457,-0.45680464953891453,-0.7423857192347091,-0.1800464277936884,-0.12605961574397628,-0.34526426699330287,-0.10067188496215869
jahq76,0.0001,0.0001,0.0001,0.0001,0.0001,0.0001,0.0001,0.0001,0.0001,0.0001,0.0001,0.0001,0.0001,0.0001,0.0001,0.0001,0.0001,0.0001,0.0001,0.0001,0.0001,0.0001,0.0001,0.0001,0.0001,0.0001,0.0001,0.0001,0.0001,0.0001,0.0001,0.0001,0.0001,0.0001,0.0001,0.0001,0.0001,0.0001,0.0001,0.0001,0.0001,0.0001,0.0001,0.0001,0.0001,0.0001,0.0001,0.0001,0.0001,0.0001,0.0001,0.0001,0.0001,0.0001
jdf5g4,-0.24990831048401035,-0.09651384702984797,-0.14398778067139986,-0.23211910439067393,0.0001,-0.2680182722091134,-0.16230771974680872,-0.1947496524314591,-0.25893745202530516,-0.0524690908055477,0.0001,-0.27153759516118814,-0.15374022950934405,-0.22924007957711862,-0.3263956851678071,0.0001,0.9999999999999999,-0.12859230390391485,-0.10988947286552886,-0.10462186187016048,-0.2686031102444507,-0.22601648644697084,-0.19876714471914858,-0.31883109093301515,-0.4011667354597925,-0.30670419581015135,-0.3830505691391352,-0.049796365770950674,-0.3028858676343404,-0.08788766080947356,0.04656509362720151,-0.17840373327170178,-0.015293723170294453,0.0001,-0.2652221951837984,0.0001,-0.3088700844473837,-0.020634698292884016,-0.12015379788622398,-0.22178426776522464,-0.15605769895864846,-0.19933481926487992,-0.19407032355390455,-0.34190509792211315,0.058395116960628116,0.05461531010985272,-0.2372534814121053,-0.2836452708556244,-0.30506615220549377,-0.05960824884535703,-0.1600713069945038,-0.1702139208197295,-0.33206982104610383,-0.06377468066323527
jfk535,-0.4046743689681777,-0.5478124454445529,-0.31967957562562177,-0.33886674642257636,0.0001,-0.7005282921835201,-0.33148898730268456,-0.4456456519583617,-0.6559107971099918,-0.6953577239115669,0.0001,-0.23291134850448303,-0.44031346760352547,-0.8352766688548043,-0.4700143428867116,0.0001,-0.12859230390391488,0.99999,-0.13062274779162553,-0.4983080493642443,-0.8208540904890013,-0.3722209585103865,0.015302066716016248,-0.6978388381736879,-0.4361434852784934,-0.34471361407343903,-0.338517925843573,-0.6680310085955846,-0.3550198553761206,-0.43517319290554574,0.02461741487054605,-0.2794946167992851,0.14911185881221056,0.0001,-0.8386320271454782,0.0001,-0.38618380518853673,-0.7077395865976128,-0.6093211530736552,-0.7206773021392765,-0.4639972767636881,-0.4428990616005459,-0.4174827975264626,-0.6767629344755124,-0.05786270136202373,-0.16815185727468723,-0.23363161976329247,-0.43719019553952304,-0.4733958735334321,-0.7245092558846994,-0.5780137040307177,-0.11234349278289428,-0.3101055461449686,-0.2287666552494774
jhgn9c,-0.13673627784979706,-0.10645039718220473,-0.22782311753018475,-0.21773053927161956,0.0001,-0.06541517965816314,-0.010691034730859987,-0.13194819545174744,-0.146290651008297,-0.15969388502453002,0.0001,-0.2756127865133089,-0.08156633084220365,-0.12462035209181697,-0.24023635912875263,0.0001,-0.10988947286552884,-0.1306227477916255,0.9999999999999999,-0.09415856992966821,-0.20659270301080404,-0.00022236445063784395,-0.17106830155759598,-0.273669927364406,-0.21779164985681032,-0.14512967443824526,-0.11228566643118038,-0.036201743827528374,-0.22194874913416843,-0.20597788356513236,0.061491594364757055,-0.198402779586105,-0.00030369724257303026,0.0001,-0.11086547392584303,0.0001,-0.13224915146113367,0.10953180560261355,-0.13788748630580683,-0.1681086953113353,-0.09255515329518298,-0.08156960564963572,-0.072222928639478,-0.31424403009899254,-0.0581101632789135,0.19939057706422375,0.0417896408185605,-0.25317471524576235,-0.2109220244187415,-0.3065361662650972,0.04630290523377554,-0.2010304366256109,-0.04209194440312861,0.09334797248715186
jkn7fc,-0.4541356848227232,-0.23614454424528555,-0.01703322431436867,-0.17755741159609437,0.0001,-0.25346319819428015,-0.14939860232554003,-0.4507142042199085,-0.2580436434224155,-0.24038200654867806,0.0001,-0.23313368385375138,-0.17818559066441741,-0.3204829526977792,-0.4804753460018197,0.0001,-0.10462186187016048,-0.4983080493642442,-0.0941585699296682,0.99999,-0.24681007555106727,-0.2683392904246942,-0.3344847944925321,-0.4361681884433924,-0.4290054723491864,-0.2675548703855304,-0.30760285251197605,0.027065575575936397,-0.3047825145719682,-0.13808622674855198,0.019292150140556127,-0.28440361120968477,-0.11138078605860335,0.0001,-0.2282555421700624,0.0001,-0.44622024646235614,-0.32278223050877664,-0.05857573549240732,-0.2392748360904495,-0.3170944049027461,-0.2112581833604417,-0.27684426916339544,-0.40388608273590393,-0.019065095083814404,-0.09500982333828263,-0.24892867270199706,-0.3245247614425661,-0.17193456454378772,-0.23850343765621815,-0.2390820972325585,-0.24331066787509617,-0.47245150330096164,0.04280027599565054
jlgwxc,-0.6257908705907587,-0.5431784112633559,-0.3340844840898969,-0.1462552492650471,0.0001,-0.6300427951001217,-0.16996078166570433,-0.6820408092329614,-0.7368424302357494,-0.8106645457505974,0.0001,-0.4295286132913749,-0.6841525557929858,-0.7373888708697048,-0.37570785882546975,0.0001,-0.2686031102444507,-0.8208540904890013,-0.20659270301080404,-0.24681007555106727,0.9999999999999999,-0.3165385907074018,-0.39404429293531684,-0.6730887805562303,-0.37718016239018626,-0.043427335834073946,-0.45655271936961844,-0.7707069884800345,-0.3043928486185173,-0.16596522441785466,-0.10015760954145132,-0.22965999770388493,-0.10287650934440543,0.0001,-0.32036996424332964,0.0001,-0.5912118512769122,-0.7576472374350752,-0.7365952357522909,-0.7055528763989276,-0.4742824443253098,-0.548970562620693,-0.28367028748962525,-0.7251709798214462,0.06841504178023679,-0.09426245379679542,-0.4339555255658174,-0.3169501673241073,-0.35713478955299055,-0.47656348898063106,-0.7309884272629443,-0.0878415042795776,-0.642811736113916,-0.2546032560768837
jlkm94,-0.5813030203707426,-0.2865733413963171,-0.3350982933259815,-0.3540883334033111,0.0001,-0.42574108702631486,-0.17649918438788414,-0.3194431696039204,-0.3916452720532138,-0.22101638470373178,0.0001,-0.39995503904575386,-0.2709565340840697,-0.3929999758362988,-0.5408520045187395,0.0001,-0.2260164864469708,-0.37222095851038645,-0.00022236445063784395,-0.2683392904246942,-0.3165385907074018,0.99999,-0.254556249448852,-0.6289839214997631,-0.42161708086837135,-0.37387749212339927,-0.3676624342124923,-0.19495030095328564,-0.3539135463493065,-0.4241950596923862,-0.013899895338024016,-0.07563561035205418,-0.0575739423515794,0.0001,-0.28440243869716997,0.0001,-0.41673248691270126,-0.30270110694856,-0.28351860347568597,-0.36923124299688437,-0.5714128568669159,-0.2536571966789961,-0.31416096346098005,-0.6091065481991615,-0.08771502111713583,-0.08521609529395828,-0.23844284860592335,-0.4374317016855941,-0.43273077189485737,-0.320458836256095,-0.24231874624146035,-0.15894044750597505,-0.35859648737517064,-0.07884608689850721
jmd5h8,-0.26972789393237645,-0.1720829206086079,-0.3119730238213088,-0.2751379965863537,0.0001,-0.25097015036506787,-0.26369745076227635,0.10720384493716202,-0.08262830465858016,-0.2277567259706986,0.0001,-0.14078198138815123,-0.10713315705771556,-0.29983933183879696,-0.16240027092859077,0.0001,-0.19876714471914858,0.01530206671601625,-0.17106830155759595,-0.33448479449253216,-0.39404429293531684,-0.254556249448852,0.9999999999999999,-0.2055046635748859,-0.20553589211611997,-0.31825691048940297,-0.31270378695816786,-0.11104206364709186,-0.1982375565682421,-0.2837515168177429,0.12540381183914204,-0.30882697238036333,0.017120480024906976,0.0001,-0.34983335855433656,0.0001,-0.14346930550545448,-0.14884780564822397,-0.11241980814236652,-0.19840802249815484,-0.26532262545719787,-0.06823323233127518,-0.21554561165189456,-0.0834984898752734,-0.10139856566446533,-0.10034243136606116,-0.38264493924088727,-0.29422537271076404,-0.3708981465162364,-0.2561513607545605,-0.043865285343273955,-0.11120660204511806,-0.04381759572078348,-0.0012280321213833708
jrrgxf,-0.4500403831920649,-0.5488532964549445,-0.37515057574804944,-0.2674661372925439,0.0001,-0.42684212522818116,-0.3950681941790088,-0.5057517444158286,0.2233188098318316,-0.4432684531413517,0.0001,-0.23871598250753795,-0.7307769231394564,-0.7364001530291641,-0.3066650511362958,0.0001,-0.3188310909330152,-0.6978388381736879,-0.273669927364406,-0.4361681884433923,-0.6730887805562303,-0.628983921499763,-0.20550466357488587,0.99999,-0.34910169981880457,-0.4535386666551795,-0.6145831164814541,-0.6163861008454092,-0.2895823347479876,-0.35494005610730583,-0.06554596916106083,-0.3724369579617107,-0.008509766363308994,0.0001,-0.7640950465535437,0.0001,-0.4542538733939694,-0.7933790830417287,-0.6036978943825594,-0.8270046789589951,-0.6055352944368017,0.3961375251487451,-0.3801258885860264,-0.34304122730966935,-0.10013030356474435,-0.21799851026971467,-0.5685398647583043,-0.40916118463114837,-0.4399898583191929,-0.708489309025089,-0.49921818363323206,-0.17171983582558728,-0.5694127892816017,-0.07560403536814406
kab5zb,-0.2744634877042542,-0.40763160196733816,-0.4533064365964986,-0.3398781187102746,0.0001,-0.46944538509248107,-0.049515108435631026,-0.6440423459151771,0.1681777244298743,-0.42294296393506864,0.0001,-0.08087254791537175,-0.61036075136445,-0.672120904408309,-0.2159792906024433,0.0001,-0.4011667354597925,-0.4361434852784934,-0.21779164985681035,-0.4290054723491864,-0.3771801623901863,-0.42161708086837135,-0.20553589211611997,-0.3491016998188045,0.9999999999999999,-0.3512602758824842,-0.5966361122970172,-0.4745304998121407,-0.3157760975752943,-0.3321984676788354,0.030594053576437723,-0.28941686794752264,-0.00026077133440555026,0.0001,-0.564543348909419,0.0001,-0.033861763886730185,-0.6385161612475162,-0.3751236645708365,-0.5670180608300772,-0.550784893374266,0.20262359268008132,-0.24528523171914277,-0.34199978801000047,-0.15593525983612405,-0.09666988876792497,-0.4371577108681639,-0.5532479781477363,-0.44886431577669145,-0.739655589035593,-0.44333461086247883,-0.15171305218180178,0.041490296953443605,-0.11607397599727323
kah89f,-0.5171271882750086,-0.18270287670418667,-0.3466510116988547,-0.42172722989274125,0.0001,-0.5786014585198672,-0.32644828264749554,-0.6417812271621555,-0.352546401923099,-0.2735282056155528,0.0001,-0.4087931618209097,-0.41761499129694657,-0.5211140971775806,-0.5379446877304367,0.0001,-0.30670419581015135,-0.3447136140734391,-0.14512967443824523,-0.2675548703855304,-0.043427335834073946,-0.37387749212339927,-0.31825691048940297,-0.45353866665517956,-0.35126027588248426,0.99999,-0.5745682357139096,-0.4311090195261929,-0.346652975225845,-0.41462515851456805,0.13011579997001615,-0.1966252172782721,-0.00454486890504544,0.0001,-0.26854641078963293,0.0001,-0.44740032076135017,-0.4343005156534687,-0.2111167195822559,-0.48364970463229506,-0.5095224875378466,-0.24787378250169934,-0.2776464494949381,-0.44452906493505523,0.009859158816795194,-0.3187962434937096,-0.2567271986940959,-0.34098246920959124,-0.4148860323309644,-0.28526905090490523,-0.31288591969569324,-0.23638407802176056,-0.4993213061227018,-0.33986458328993463
kdcncc,-0.4889714039618038,-0.16498715468770822,-0.3250692195093822,-0.18052199996976184,0.0001,-0.309870693497179,-0.4697755130675027,-0.46348877609786765,-0.2693254249179932,-0.28068127464212433,0.0001,-0.5209952713996591,-0.5275964384101888,-0.5068602040768367,-0.545407922816729,0.0001,-0.3830505691391352,-0.33851792584357304,-0.11228566643118039,-0.30760285251197605,-0.45655271936961844,-0.36766243421249234,-0.31270378695816786,-0.6145831164814541,-0.5966361122970172,-0.5745682357139096,0.9999999999999999,-0.5280573632893469,-0.3297509213466681,-0.5519810099542618,-0.15899116508115865,-0.4687842318607663,-0.11403231633725286,0.0001,-0.1572530751766057,0.0001,-0.3948583636302824,-0.5298244100452352,-0.20955561083864802,-0.26757772878371283,-0.28666603886531083,-0.2547451713838966,-0.4409145957726765,-0.46042683056997336,0.07667392200581168,-0.12678895236497484,-0.38121247627814475,-0.4574817238792216,-0.35595509670833286,-0.46909942936291793,0.0035020651466180883,-0.3046249475048865,-0.45237198541866724,-0.12735526223343147
kedgm9,-0.6361628398965847,-0.508742126578746,-0.32606734688051897,-0.30928427652494006,0.0001,-0.4889913361084661,-0.16471113398182813,-0.5243865920846323,-0.27823339641774086,-0.5482333858494868,0.0001,-0.16328223142337855,-0.4125616992766607,-0.7611950420568132,-0.5477855295361884,0.0001,-0.049796365770950674,-0.6680310085955846,-0.036201743827528374,0.027065575575936394,-0.7707069884800344,-0.19495030095328564,-0.11104206364709186,-0.6163861008454092,-0.4745304998121406,-0.4311090195261929,-0.5280573632893469,0.99999,-0.3339892067704204,-0.39679064195805175,0.03823544739168671,-0.12419431899437766,0.09294444576823917,0.0001,-0.7625772522379859,0.0001,-0.3809385555093967,-0.6298642090484944,-0.4490300348726592,-0.6032696428588945,-0.7220506049573996,0.04260665796042775,-0.26729226483123303,-0.7120225413503802,-0.07221732588375186,-0.1322701356866231,-0.295877346093603,-0.5479771985842801,-0.4519780753253901,-0.6256001793736716,-0.47081637036245527,-0.24155834143423865,-0.3194315382944486,-0.020933408791233638
krh5f5,-0.3063545446930026,-0.086738816677624,-0.23942212194610965,-0.23407312527635604,0.0001,-0.2656458284745049,-0.32242319328514124,-0.2650928429775792,-0.04096211585518268,-0.2510370188247423,0.0001,-0.15014366346463584,-0.2341270508488421,-0.21609460708987566,-0.37745383824848905,0.0001,-0.3028858676343404,-0.3550198553761206,-0.22194874913416843,-0.3047825145719682,-0.30439284861851734,-0.35391354634930655,-0.1982375565682421,-0.28958233474798767,-0.3157760975752943,-0.346652975225845,-0.3297509213466681,-0.3339892067704204,0.99999,-0.1861896370825707,0.023004190708980545,-0.2893724405911963,-0.09131995858878911,0.0001,-0.25605886039835957,0.0001,-0.33368425920182837,-0.26141334639620356,-0.1346513303595542,-0.2932334649025647,-0.27859895308616833,0.05452912350931758,-0.36401095671267153,-0.3270460098129488,-0.07003092651768943,-0.17429498545802125,-0.5225277263688703,-0.34543511535795274,-0.29654045328841816,-0.3655667757706956,-0.09994506389539291,-0.2803823798667802,-0.2526591898530801,0.013824763832685383
lms8m4,-0.26434446985720783,-0.17745351173470708,-0.21256764621582924,-0.23204872049830144,0.0001,-0.303028137717863,-0.010313880747496954,-0.26116509900317947,0.040733726009749414,-0.2344758307281107,0.0001,-0.2741645759114539,-0.3101029483687458,-0.23981210249842905,-0.281280689163567,0.0001,-0.08788766080947356,-0.43517319290554574,-0.20597788356513236,-0.13808622674855198,-0.16596522441785466,-0.4241950596923862,-0.28375151681774285,-0.35494005610730583,-0.33219846767883543,-0.41462515851456805,-0.5519810099542619,-0.3967906419580518,-0.1861896370825707,0.9999999999999999,-0.022462489980314294,-0.3000420374853503,-0.09442716406007096,0.0001,-0.30701390621020686,0.0001,-0.28284748905289914,-0.1364445367964788,-0.2606411176317236,-0.23689854121991769,-0.2887695106706585,0.05550980334636511,-0.3968554468944567,-0.31357674627613996,-0.05619687681117508,0.02404542608346997,-0.4617842626640012,-0.4316547085800899,-0.33970301332306985,-0.3226394680224688,-0.09105686150228913,-0.2273904044206356,-0.36388188846265,0.10996303449207895
lpnb79,0.005909657958788849,-0.04126851660100126,0.05883796063953753,-0.07837818819412598,0.0001,-0.13580336120532324,0.1271713624696855,0.05746378593105937,-0.0808838159480216,-0.0318005671112102,0.0001,0.12479492179105173,0.12513001055471976,-0.01928121922335913,-0.05769344102215094,0.0001,0.04656509362720151,0.024617414870546046,0.061491594364757055,0.01929215014055613,-0.10015760954145131,-0.013899895338024016,0.12540381183914204,-0.06554596916106083,0.030594053576437723,0.13011579997001613,-0.15899116508115865,0.03823544739168672,0.023004190708980545,-0.022462489980314294,0.99999,-0.009317987227232434,0.035418790885388934,0.0001,-0.08639175117160143,0.0001,-0.024773487378592803,0.12934302161388886,0.0003279262756547887,-0.02223172615267477,-0.0996843046592052,-0.06181990674693925,0.07482421382029109,-0.025213610043458946,0.014754562809220674,-8.410762068473008e-05,0.14412125257063987,-0.007471811233543661,0.04032074829559612,-0.10046461667478211,-0.04891056072612654,-0.07968420770974112,0.010550032695287478,0.05237467702317655
mjpg95,-0.4693379259738252,-0.2040686718868186,-0.3190148563786198,-0.3051121151056994,0.0001,-0.31812009587755946,-0.17879754383293428,-0.3286649238525917,-0.03477446217591785,-0.24400974059614694,0.0001,-0.27871389545943953,-0.3067784118121876,-0.3732371579799919,-0.44339172729545007,0.0001,-0.1784037332717018,-0.2794946167992851,-0.198402779586105,-0.2844036112096848,-0.22965999770388493,-0.07563561035205417,-0.3088269723803634,-0.37243695796171067,-0.28941686794752264,-0.1966252172782721,-0.4687842318607663,-0.12419431899437765,-0.2893724405911963,-0.3000420374853503,-0.009317987227232434,0.99999,0.010083111010835318,0.0001,-0.23134858671188915,0.0001,-0.2869340056811004,-0.23178204748699524,-0.16454351779086276,-0.4642841001100993,-0.4834125582691052,0.11448128130578371,-0.3040004253288387,-0.4053100181893349,-0.01465107625904248,-0.3036359083557407,-0.31704370552244154,-0.3372413948389207,-0.3399980313998786,-0.28762080180042804,-0.16358322172849016,-0.16439194449943337,-0.3209182833430878,-0.24504404585578785
mmg9n6,0.029089266063729885,-0.07057494083381495,0.004657326709222606,-0.07257329835531182,0.0001,-0.09850971134256062,-0.07946204662647953,0.10286924419315391,-0.021053938798860097,-0.03986648084614988,0.0001,0.11998316233882748,0.038700276336122996,-0.07531785998781576,0.04887368920026726,0.0001,-0.015293723170294453,0.14911185881221056,-0.00030369724257303026,-0.11138078605860335,-0.10287650934440541,-0.05757394235157941,0.017120480024906976,-0.008509766363308994,-0.00026077133440555026,-0.00454486890504544,-0.11403231633725286,0.09294444576823918,-0.09131995858878911,-0.09442716406007094,0.03541879088538894,0.010083111010835318,0.9999999999999998,0.0001,-0.10012916900100625,0.0001,0.16475595584153999,-0.022447604851093688,-0.004167262598576743,0.08481567900522398,-0.07891020336546309,0.08575533534189383,-0.008039147872416481,-0.10569411442669557,-0.04146602565402397,-0.02719788765696826,-0.0131050146674362,-0.11580352906209647,-0.05036005922015029,-0.045632144543437426,-0.057827224534405426,0.064260515026708,0.017369797893132574,-0.06785027470376487
mtf7w2,0.0001,0.0001,0.0001,0.0001,0.0001,0.0001,0.0001,0.0001,0.0001,0.0001,0.0001,0.0001,0.0001,0.0001,0.0001,0.0001,0.0001,0.0001,0.0001,0.0001,0.0001,0.0001,0.0001,0.0001,0.0001,0.0001,0.0001,0.0001,0.0001,0.0001,0.0001,0.0001,0.0001,0.0001,0.0001,0.0001,0.0001,0.0001,0.0001,0.0001,0.0001,0.0001,0.0001,0.0001,0.0001,0.0001,0.0001,0.0001,0.0001,0.0001,0.0001,0.0001,0.0001,0.0001
mwwcn6,-0.6021431840893904,-0.6752003939833867,-0.30595683089656284,-0.2203756102357854,0.0001,-0.6254917313725554,-0.19990036785378168,-0.6394845377332562,-0.7414813313802132,-0.7812891774404311,0.0001,-0.4222454689253416,-0.6872208228391617,-0.7698189392543071,-0.575377909425937,0.0001,-0.2652221951837984,-0.8386320271454782,-0.11086547392584303,-0.2282555421700624,-0.32036996424332964,-0.28440243869716997,-0.34983335855433656,-0.7640950465535437,-0.5645433489094189,-0.26854641078963293,-0.1572530751766057,-0.7625772522379858,-0.25605886039835957,-0.3070139062102068,-0.08639175117160143,-0.23134858671188915,-0.10012916900100625,0.0001,0.99999,0.0001,-0.6325485476905799,-0.7570891827714933,-0.646575102523749,-0.5783723576051233,-0.3335021634147865,-0.5284945446546024,-0.25214090985702814,-0.7994918078919544,0.06487976411592171,-0.06630018707564676,-0.31401789400954544,-0.4371005845669537,-0.30423402967421626,-0.6001913220574776,-0.5324141890928248,-0.22482930378380236,-0.603748383056792,-0.12862658651709388
ngtp8b,0.0001,0.0001,0.0001,0.0001,0.0001,0.0001,0.0001,0.0001,0.0001,0.0001,0.0001,0.0001,0.0001,0.0001,0.0001,0.0001,0.0001,0.0001,0.0001,0.0001,0.0001,0.0001,0.0001,0.0001,0.0001,0.0001,0.0001,0.0001,0.0001,0.0001,0.0001,0.0001,0.0001,0.0001,0.0001,0.0001,0.0001,0.0001,0.0001,0.0001,0.0001,0.0001,0.0001,0.0001,0.0001,0.0001,0.0001,0.0001,0.0001,0.0001,0.0001,0.0001,0.0001,0.0001
nhm2p3,-0.4042501176982515,-0.3307272697380194,-0.36310620177503805,-0.2753452418076395,0.0001,-0.39910331571375346,-0.12472983025115891,-0.3340218159689095,-0.008960674130477195,-0.21106867958555875,0.0001,-0.24018388753477438,-0.4321386636438968,-0.7248332860635895,-0.32360450161013893,0.0001,-0.3088700844473836,-0.3861838051885367,-0.13224915146113367,-0.4462202464623561,-0.5912118512769121,-0.4167324869127013,-0.14346930550545448,-0.4542538733939694,-0.03386176388673019,-0.44740032076135017,-0.3948583636302825,-0.3809385555093967,-0.3336842592018283,-0.28284748905289914,-0.024773487378592803,-0.28693400568110033,0.16475595584153996,0.0001,-0.6325485476905799,0.0001,0.99999,-0.5050309181865819,-0.35718623280177464,-0.4223598296110039,-0.5245420813041212,0.11897672783886633,-0.3886449510528801,-0.35629015457785795,-0.07950836338572606,-0.05230113060117986,-0.5105336489014201,-0.5021817103483276,-0.437425890594036,-0.6229684188049152,-0.17646332353650337,-0.14523445816026806,0.06239910275435105,-0.02666505940519595
njd5zf,-0.5524369325061954,-0.48948617485010637,-0.24042867541911755,-0.4000292946731075,0.0001,-0.7100432960405186,-0.2502066619573221,-0.37860128950306154,-0.4328896725734429,-0.43927617682830516,0.0001,-0.32751428184210163,-0.35016281173756025,-0.403330465621756,-0.7090568759612517,0.0001,-0.020634698292884012,-0.7077395865976128,0.10953180560261357,-0.3227822305087766,-0.7576472374350751,-0.30270110694855995,-0.14884780564822397,-0.7933790830417287,-0.6385161612475162,-0.4343005156534687,-0.5298244100452352,-0.6298642090484944,-0.26141334639620356,-0.1364445367964788,0.12934302161388886,-0.2317820474869952,-0.022447604851093688,0.0001,-0.7570891827714933,0.0001,-0.5050309181865819,0.99999,-0.5572408131094638,-0.5527236400209912,-0.47683559574231915,-0.36226975838235326,-0.2112167417914605,-0.7993800637201355,-0.04803928341223715,0.062466136514849835,-0.410164542109163,-0.4888906536061186,-0.44957371602536955,-0.5593436443784724,-0.46221752564035906,-0.15499382578187787,-0.5182383206996771,0.0753050787705472
nm8c7,-0.42513559818642344,-0.8297264635016541,-0.13468933825507554,-0.09579113475957289,0.0001,-0.4088960209109268,-0.18579624104663262,-0.3708351588592181,-0.8538854059369353,-0.7930363503105474,0.0001,-0.19365097205109494,-0.4061446897166094,-0.48991951560147856,-0.34048851602794405,0.0001,-0.12015379788622398,-0.6093211530736551,-0.13788748630580683,-0.05857573549240732,-0.7365952357522909,-0.28351860347568597,-0.11241980814236653,-0.6036978943825594,-0.3751236645708365,-0.2111167195822559,-0.20955561083864802,-0.44903003487265913,-0.1346513303595542,-0.2606411176317236,0.0003279262756547887,-0.16454351779086274,-0.004167262598576743,0.0001,-0.6465751025237491,0.0001,-0.35718623280177464,-0.5572408131094639,0.99999,-0.4722485131575379,-0.3812872852175915,-0.7232540941240259,-0.21927716527730165,-0.5203552670834243,-0.04593673322874004,-0.07557824106022264,-0.33394685911112626,-0.2403675395576365,-0.08950989003457793,-0.5392288142127103,-0.7737739597973822,-0.11425743270649838,-0.3446817865248268,-0.07378367635995206
oro26b,-0.53075595109231,-0.5300440281875372,-0.19916585299339937,-0.19622092005330563,0.0001,-0.7419701095434169,-0.25592538398452674,-0.5393055508709861,-0.6177496487428886,-0.575223620719341,0.0001,-0.33123416672725253,-0.46088943661452475,-0.8055473648125877,-0.5222111595596616,0.0001,-0.22178426776522464,-0.7206773021392765,-0.1681086953113353,-0.23927483609044953,-0.7055528763989276,-0.36923124299688437,-0.1984080224981548,-0.827004678958995,-0.5670180608300771,-0.4836497046322951,-0.26757772878371283,-0.6032696428588945,-0.2932334649025647,-0.2368985412199177,-0.02223172615267477,-0.46428410011009924,0.08481567900522399,0.0001,-0.5783723576051233,0.0001,-0.42235982961100393,-0.5527236400209912,-0.47224851315753785,0.99999,-0.2678823768003041,-0.4096394870691014,-0.39188959776975574,-0.7130786732482038,-0.06368210491001297,-0.07070471036872242,-0.4566426675917566,-0.34324039115486066,-0.38170216473661867,-0.7439577401057564,-0.49189600104226955,-0.18616787973218035,-0.46290180405729314,0.11133486591923299
pecxc9,-0.40731988277103043,-0.3651100595267783,-0.4069449244789475,-0.2167870177690473,0.0001,-0.5836892328283071,-0.3583993325540159,-0.5871518517549937,-0.37270491681088713,-0.45854903416917414,0.0001,-0.4698302281589657,-0.7113706460938222,-0.7740590568539509,-0.5192572749751961,0.0001,-0.15605769895864843,-0.4639972767636881,-0.09255515329518299,-0.31709440490274615,-0.4742824443253098,-0.571412856866916,-0.26532262545719787,-0.6055352944368017,-0.550784893374266,-0.5095224875378466,-0.2866660388653109,-0.7220506049573996,-0.2785989530861684,-0.2887695106706585,-0.0996843046592052,-0.4834125582691052,-0.07891020336546309,0.0001,-0.3335021634147865,0.0001,-0.5245420813041212,-0.4768355957423191,-0.3812872852175915,-0.2678823768003041,0.99999,-0.28767421610126365,-0.525753465842296,-0.6496528148482696,0.03407021339524157,0.024330871584213314,-0.5187070796069059,-0.5765771718042031,-0.4379130881653423,-0.8027299300869405,-0.40223538392714103,-0.21400944712325767,-0.5366595336374782,0.164588551793652
pt7td,0.047390456946230605,-0.8119622530770386,-0.20616613478790877,0.009415658558922428,0.0001,0.32469430837754204,0.05396478113069283,-0.33677244923370897,0.34066188023835536,-0.6805102896161169,0.0001,-0.009160684366837903,-0.3118746487565172,-0.4051644026802437,0.2092046686919406,0.0001,-0.19933481926487992,-0.44289906160054593,-0.08156960564963574,-0.21125818336044166,-0.548970562620693,-0.25365719667899606,-0.06823323233127518,0.3961375251487451,0.20262359268008132,-0.2478737825016993,-0.2547451713838966,0.04260665796042775,0.05452912350931759,0.055509803346365114,-0.061819906746939254,0.1144812813057837,0.08575533534189383,0.0001,-0.5284945446546025,0.0001,0.11897672783886634,-0.36226975838235326,-0.7232540941240257,-0.4096394870691014,-0.28767421610126365,0.9999999999999999,-0.2305930480995412,0.10751151480484679,-0.13644440789959053,-0.12953467265878746,-0.26779961950991327,-0.24557370184189428,-0.09293260752434834,-0.38662920379722276,-0.7856853891946044,0.007562623409202994,-0.11240118496651598,0.13181170522642874
rrg3md,-0.4273060795456358,-0.307203327298335,-0.34309263572200144,-0.37765341198844554,0.0001,-0.4297769013409728,-0.26658717669044885,-0.415792771918438,-0.31570938925811454,-0.2599915963869974,0.0001,-0.22184368480979827,-0.40749283891166593,-0.30688289516061795,-0.3940440435930917,0.0001,-0.19407032355390458,-0.41748279752646256,-0.07222292863947802,-0.2768442691633954,-0.28367028748962525,-0.31416096346098,-0.21554561165189456,-0.3801258885860264,-0.24528523171914277,-0.2776464494949381,-0.44091459577267644,-0.267292264831233,-0.3640109567126715,-0.3968554468944567,0.07482421382029109,-0.3040004253288387,-0.00803914787241648,0.0001,-0.25214090985702814,0.0001,-0.3886449510528801,-0.21121674179146052,-0.21927716527730165,-0.39188959776975574,-0.5257534658422959,-0.23059304809954123,0.9999999999999998,-0.416554079986191,-0.10768812705566863,-0.1163171324118714,-0.2778709601893926,-0.3155792147131234,-0.37744533578412653,-0.3695128591725908,-0.2479035154696186,-0.21429650021936125,-0.29453172994885624,-0.08366596574129408
sanfz9,-0.4239146481132183,-0.4917275768899088,-0.31070816001000456,-0.20324025300104798,0.0001,-0.536402891338314,-0.24119567147466664,-0.5021734174906098,0.013647388761793897,-0.668724488201381,0.0001,-0.18730516599197056,-0.6848351448366775,-0.809918375858435,-0.176647943679679,0.0001,-0.3419050979221131,-0.6767629344755125,-0.31424403009899254,-0.40388608273590393,-0.7251709798214463,-0.6091065481991617,-0.0834984898752734,-0.3430412273096693,-0.34199978801000047,-0.44452906493505523,-0.4604268305699733,-0.7120225413503802,-0.32704600981294885,-0.31357674627613996,-0.025213610043458946,-0.4053100181893348,-0.10569411442669556,0.0001,-0.7994918078919544,0.0001,-0.3562901545778579,-0.7993800637201356,-0.5203552670834243,-0.7130786732482038,-0.6496528148482695,0.1075115148048468,-0.416554079986191,0.9999999999999999,-0.02795142904982718,-0.16059536938790386,-0.6407800435686498,-0.3674507517286821,-0.49378681481487746,-0.6576512953192046,-0.5874315360211897,-0.19591221619126428,-0.5003448169238418,-0.10180734125120527
sbpc42,-0.13733307076770035,0.05749249940223244,0.003409467731493586,-0.03928311940253119,0.0001,0.011061314992930572,-0.11511314829616498,0.0037888173961180896,-0.09360847114412332,-0.016182844613600034,0.0001,-0.1572726568818203,-0.08632312354427651,-0.0394768473837395,-0.06460483010394175,0.0001,0.058395116960628116,-0.05786270136202373,-0.058110163278913496,-0.019065095083814404,0.06841504178023679,-0.08771502111713583,-0.10139856566446533,-0.10013030356474437,-0.15593525983612405,0.009859158816795194,0.07667392200581168,-0.07221732588375188,-0.07003092651768941,-0.05619687681117508,0.014754562809220674,-0.014651076259042481,-0.04146602565402397,0.0001,0.06487976411592171,0.0001,-0.07950836338572607,-0.04803928341223715,-0.04593673322874004,-0.06368210491001298,0.03407021339524157,-0.13644440789959053,-0.10768812705566863,-0.02795142904982718,0.99999,-0.02385451784641066,-0.10414091272377529,-0.01719102308532743,-0.06960632874944685,0.0567149775209429,0.014080407336040003,-0.01566608473142563,-0.1401462049665957,-0.12215675130589919
smdvw5,-0.07300728188566706,-0.1235300844418459,-0.2929279775406832,-0.18987093355710363,0.0001,-0.13904260421780104,0.045182367196405386,-0.09605700979449436,-0.1804749205184443,-0.08836247103219198,0.0001,-0.1658367263379868,-0.15133311917031786,-0.11854553089163564,-0.0716090879384865,0.0001,0.05461531010985272,-0.16815185727468726,0.19939057706422375,-0.09500982333828263,-0.0942624537967954,-0.08521609529395828,-0.10034243136606115,-0.21799851026971465,-0.09666988876792497,-0.3187962434937096,-0.12678895236497484,-0.13227013568662313,-0.17429498545802125,0.02404542608346997,-8.410762068473007e-05,-0.30363590835574067,-0.027197887656968265,0.0001,-0.06630018707564676,0.0001,-0.052301130601179864,0.06246613651484984,-0.07557824106022265,-0.07070471036872243,0.02433087158421331,-0.12953467265878746,-0.1163171324118714,-0.16059536938790386,-0.023854517846410662,0.99999,-0.1251243717086424,-0.22292559374854892,-0.17722781507138255,-0.28103505839886217,0.028139867196253228,-0.18275317110928968,0.006110763759870805,0.20961254787189085
tah5z2,-0.47002677206837756,-0.22622577947979067,-0.2863770864098816,-0.3945613980325715,0.0001,-0.5300142498353179,-0.13178599694575366,-0.6290495255572309,-0.42895046320195784,-0.27672135409357546,0.0001,-0.31687552903493077,-0.3341946234073234,-0.571179794895716,-0.6213610576314302,0.0001,-0.2372534814121053,-0.23363161976329247,0.04178964081856049,-0.24892867270199706,-0.4339555255658174,-0.23844284860592338,-0.3826449392408873,-0.5685398647583043,-0.4371577108681639,-0.2567271986940959,-0.38121247627814475,-0.295877346093603,-0.5225277263688703,-0.46178426266400113,0.14412125257063985,-0.31704370552244154,-0.013105014667436198,0.0001,-0.31401789400954544,0.0001,-0.5105336489014201,-0.41016454210916303,-0.3339468591111263,-0.4566426675917566,-0.5187070796069059,-0.26779961950991327,-0.2778709601893926,-0.6407800435686498,-0.10414091272377528,-0.1251243717086424,0.99999,-0.3126311426369203,-0.36775977375370256,-0.5210887360821128,-0.3361348230037886,-0.24683388573278292,-0.44697782875416653,-0.15910846839118187
tcdzb7,-0.538636877663628,-0.13445801941952082,-0.2892666759154437,-0.3449448251338849,0.0001,-0.513301232443996,-0.36399190186364755,-0.4808177985919947,-0.3519221666719938,-0.22483642488459582,0.0001,-0.3003495231341558,-0.3932677038079503,-0.4007161873620505,-0.34359718077763457,0.0001,-0.28364527085562435,-0.437190195539523,-0.25317471524576235,-0.32452476144256603,-0.31695016732410736,-0.4374317016855941,-0.29422537271076404,-0.40916118463114837,-0.5532479781477362,-0.3409824692095912,-0.4574817238792216,-0.5479771985842801,-0.3454351153579527,-0.4316547085800899,-0.007471811233543661,-0.33724139483892074,-0.11580352906209647,0.0001,-0.4371005845669537,0.0001,-0.5021817103483276,-0.48889065360611866,-0.24036753955763654,-0.34324039115486066,-0.576577171804203,-0.24557370184189428,-0.3155792147131234,-0.3674507517286821,-0.01719102308532743,-0.22292559374854892,-0.3126311426369203,0.99999,-0.3984160226191339,-0.29722124852796944,-0.26519534798028543,-0.21343529776163206,-0.5206661477025826,-0.19157851655908814
tjdpzd,-0.39868260928150745,-0.15035152687409675,-0.3366148001336964,-0.31736965962278735,0.0001,-0.4946754249586534,-0.20311996837312848,-0.48855526473454375,-0.1986935749086617,-0.15213683580238438,0.0001,-0.34924228068598767,-0.4771685371986755,-0.5836001889434198,-0.45680464953891453,0.0001,-0.30506615220549377,-0.4733958735334321,-0.2109220244187415,-0.17193456454378772,-0.3571347895529906,-0.43273077189485737,-0.3708981465162364,-0.4399898583191929,-0.44886431577669145,-0.4148860323309644,-0.3559550967083329,-0.45197807532539,-0.29654045328841816,-0.3397030133230698,0.04032074829559612,-0.3399980313998786,-0.05036005922015029,0.0001,-0.30423402967421626,0.0001,-0.437425890594036,-0.4495737160253695,-0.08950989003457793,-0.38170216473661867,-0.4379130881653423,-0.09293260752434836,-0.37744533578412653,-0.4937868148148775,-0.06960632874944685,-0.17722781507138255,-0.3677597737537025,-0.3984160226191339,0.99999,-0.5116653605803242,-0.06535949674286379,-0.22475629673905712,-0.4742658585038677,-0.05497061344664615
tlgdq9,-0.6529964915254535,-0.49150059050706857,-0.11435803076353679,-0.2358655028690283,0.0001,-0.722947785634346,-0.4178056046941777,-0.5794052790946036,-0.5851811955507871,-0.49025381590663886,0.0001,-0.4004075210615967,-0.518948638495091,-0.43193765845381954,-0.7423857192347091,0.0001,-0.05960824884535703,-0.7245092558846994,-0.3065361662650972,-0.23850343765621815,-0.47656348898063106,-0.320458836256095,-0.25615136075456046,-0.708489309025089,-0.739655589035593,-0.28526905090490523,-0.469099429362918,-0.6256001793736715,-0.3655667757706956,-0.3226394680224688,-0.10046461667478211,-0.287620801800428,-0.04563214454343743,0.0001,-0.6001913220574776,0.0001,-0.622968418804915,-0.5593436443784724,-0.5392288142127102,-0.7439577401057564,-0.8027299300869404,-0.38662920379722276,-0.3695128591725908,-0.6576512953192047,0.05671497752094291,-0.28103505839886217,-0.5210887360821128,-0.29722124852796944,-0.5116653605803243,0.99999,-0.46912235008836634,-0.21735724664583772,-0.6778702340657505,-0.3113539697505478
vvmmvd,-0.37357253108193833,-0.4890662080936824,-0.2252886794483037,-0.14552668452618198,0.0001,-0.25271809301008946,-0.019521097516507525,-0.22547033882274634,-0.8556031877272049,-0.6679886166274902,0.0001,-0.26964513738664664,-0.3935783501163986,-0.4843137885337637,-0.1800464277936884,0.0001,-0.1600713069945038,-0.5780137040307177,0.04630290523377554,-0.2390820972325585,-0.7309884272629443,-0.24231874624146038,-0.04386528534327396,-0.4992181836332321,-0.44333461086247883,-0.31288591969569324,0.0035020651466180883,-0.47081637036245527,-0.0999450638953929,-0.09105686150228913,-0.04891056072612654,-0.16358322172849013,-0.057827224534405426,0.0001,-0.5324141890928248,0.0001,-0.17646332353650337,-0.46221752564035906,-0.7737739597973821,-0.4918960010422696,-0.40223538392714103,-0.7856853891946044,-0.24790351546961864,-0.5874315360211898,0.014080407336040003,0.028139867196253224,-0.33613482300378866,-0.2651953479802855,-0.06535949674286379,-0.46912235008836634,0.99999,-0.15052726710546666,-0.3137016526622832,0.0027646693267287577
wahbf,-0.1720796023490352,-0.19423829617024296,-0.22979999144492055,-0.15653407777241624,0.0001,-0.15248472253556222,-0.20726478092052092,-0.11110818055189904,-0.020784007644189015,-0.03983672786488021,0.0001,-0.22851846299247577,-0.22606474091376627,-0.1359603421875246,-0.12605961574397628,0.0001,-0.1702139208197295,-0.11234349278289431,-0.2010304366256109,-0.24331066787509617,-0.0878415042795776,-0.15894044750597505,-0.11120660204511806,-0.1717198358255873,-0.15171305218180178,-0.23638407802176056,-0.3046249475048865,-0.24155834143423868,-0.2803823798667803,-0.2273904044206356,-0.0796842077097411,-0.16439194449943337,0.06426051502670801,0.0001,-0.22482930378380236,0.0001,-0.14523445816026806,-0.15499382578187787,-0.1142574327064984,-0.18616787973218035,-0.21400944712325767,0.0075626234092029945,-0.21429650021936128,-0.19591221619126428,-0.01566608473142563,-0.1827531711092897,-0.24683388573278295,-0.21343529776163206,-0.2247562967390571,-0.21735724664583772,-0.15052726710546666,0.99999,-0.16265462184534357,-0.13009583707150318
wgocnc,-0.304009523590559,-0.3704473546980992,-0.4406882377906904,-0.3158163596022367,0.0001,-0.44229316320911904,-0.056250229496226274,-0.49207381108991816,-0.14105237270673815,-0.4457271036264188,0.0001,-0.07190636938422351,-0.5303030092359072,-0.7199987559577641,-0.3452642669933028,0.0001,-0.33206982104610383,-0.3101055461449686,-0.042091944403128606,-0.47245150330096164,-0.6428117361139158,-0.3585964873751706,-0.04381759572078348,-0.5694127892816017,0.0414902969534436,-0.4993213061227018,-0.4523719854186673,-0.3194315382944486,-0.2526591898530801,-0.36388188846265007,0.01055003269528748,-0.3209182833430878,0.017369797893132578,0.0001,-0.603748383056792,0.0001,0.06239910275435105,-0.5182383206996771,-0.3446817865248268,-0.46290180405729314,-0.5366595336374783,-0.11240118496651598,-0.29453172994885624,-0.5003448169238419,-0.14014620496659566,0.006110763759870805,-0.4469778287541666,-0.5206661477025825,-0.47426585850386777,-0.6778702340657505,-0.3137016526622833,-0.16265462184534357,0.99999,0.0962834341572214
zws2p8,-0.06267502774362875,-0.03697069018585868,-0.1506506871113064,-0.09806814189297536,0.0001,-0.0514169312136127,0.09486689120641323,-0.02963340387973854,0.07074113605468174,-0.04561265012886191,0.0001,-0.08136703834640788,-0.1237324168221928,-0.07842471100720773,-0.10067188496215868,0.0001,-0.06377468066323527,-0.2287666552494774,0.09334797248715186,0.04280027599565054,-0.25460325607688367,-0.07884608689850721,-0.0012280321213833708,-0.07560403536814406,-0.11607397599727323,-0.3398645832899346,-0.12735526223343147,-0.020933408791233638,0.013824763832685383,0.10996303449207895,0.05237467702317656,-0.24504404585578785,-0.06785027470376487,0.0001,-0.12862658651709388,0.0001,-0.02666505940519595,0.0753050787705472,-0.07378367635995206,0.11133486591923299,0.16458855179365203,0.13181170522642877,-0.08366596574129408,-0.10180734125120526,-0.12215675130589919,0.20961254787189085,-0.15910846839118187,-0.19157851655908814,-0.05497061344664616,-0.3113539697505478,0.0027646693267287577,-0.13009583707150318,0.0962834341572214,0.99999
